id,author_count,display_name,type,country,city,display_name_acronyms,display_name_alternatives,works_count,cited_by_count,2yr_mean_citedness,h_index,i10_index,wikipedia,associated_institutions_children,children_ids,associated_institutions_parent,parent_ids
https://openalex.org/I99065089,5,Tsinghua University,funder,China,Beijing,THU,清华大学,322049,8552756,6.123471704401075,704,131098,https://en.wikipedia.org/wiki/Tsinghua%20University,Beijing Institute of Mathematical Sciences and Applications; Center for Life Sciences; Collaborative Innovation Center of Quantum Matter; International Centre for Engineering Education; State Key Laboratory of Automobile Safety and Energy Conservation; State Key Laboratory of Low-Dimensional Quantum Physics; State Key Laboratory of Membrane Biology; State Key Laboratory of Microwave and Digital Communication Technology; State Key Laboratory of New Ceramics and Fine Processing; State Key Laboratory of Power System and Generation Equipment; State Key Laboratory of Precision Testing Technology and Instruments; State Key Laboratory of Tribology; State Key Laboratory of Water and Sediment Science and Water Conservancy and Hydropower Engineering; State Key Laboratory on Integrated Optoelectronics; The Synergetic Innovation Center for Advanced Materials; Tsinghua–Berkeley Shenzhen Institute,https://openalex.org/I4403928416; https://openalex.org/I4210160507; https://openalex.org/I4210127494; https://openalex.org/I4411591247; https://openalex.org/I4391768119; https://openalex.org/I4391767819; https://openalex.org/I4391768054; https://openalex.org/I4391767871; https://openalex.org/I4391767896; https://openalex.org/I4392738191; https://openalex.org/I4391767736; https://openalex.org/I4391768272; https://openalex.org/I4391767762; https://openalex.org/I4210091786; https://openalex.org/I4210159340; https://openalex.org/I4210114105,,
https://openalex.org/I168719708,3,City University of Hong Kong,funder,Hong Kong,Hong Kong,,,97941,3106146,7.255095821764746,482,47410,https://en.wikipedia.org/wiki/City%20University%20of%20Hong%20Kong,Institute of Molecular Functional Materials; State Key Laboratory of Marine Pollution,https://openalex.org/I4210094881; https://openalex.org/I4391768037,,
https://openalex.org/I19820366,3,Chinese Academy of Sciences,government,China,Beijing,CAS,中国科学院,861774,25212399,5.695787751009937,928,420699,https://en.wikipedia.org/wiki/Chinese%20Academy%20of%20Sciences,"Academy of Mathematics and Systems Science; Academy of Opto-Electronics; Aerospace Information Research Institute; Beijing Advanced Sciences and Innovation Center; Beijing Institute of Genomics; Botanical Society of China; Center for Excellence in Brain Science and Intelligence Technology; Center for Excellence in Molecular Cell Science; Center for Excellence in Molecular Plant Sciences; Changchun Institute of Applied Chemistry; Changchun Institute of Optics, Fine Mechanics and Physics; Chengdu Institute of Biology; Chongqing Institute of Green and Intelligent Technology; Computer Network Information Center; Dalian Institute of Chemical Physics; Fujian Institute of Research on the Structure of Matter; Guangzhou Institute of Energy Conversion; Guangzhou Institute of Geochemistry; Guangzhou Institutes of Biomedicine and Health; Hangzhou Institute of Medicine, Chinese Academy of Sciences; Hefei Institutes of Physical Science; Innovation Academy for Microsatellites of Chinese Academy of Sciences; Institut Pasteur of Shanghai; Institute for History of Natural Sciences; Institute of Acoustics; Institute of Applied Ecology; Institute of Atmospheric Physics; Institute of Automation; Institute of Biophysics; Institute of Botany; Institute of Chemistry; Institute of Coal Chemistry; Institute of Computing Technology; Institute of Deep-Sea Science and Engineering; Institute of Earth Environment; Institute of Electrical Engineering; Institute of Electronics; Institute of Engineering Thermophysics; Institute of Genetics and Developmental Biology; Institute of Geochemistry; Institute of Geodesy and Geophysics; Institute of Geographic Sciences and Natural Resources Research; Institute of Geology and Geophysics; Institute of High Energy Physics; Institute of Hydrobiology; Institute of Information Engineering; Institute of Mechanics; Institute of Metal Research; Institute of Microbiology; Institute of Microelectronics; Institute of Modern Physics; Institute of Mountain Hazards and Environment; Institute of Oceanology; Institute of Optics and Electronics, Chinese Academy of Sciences; Institute of Physics; Institute of Process Engineering; Institute of Psychology, Chinese Academy of Sciences; Institute of Remote Sensing and Digital Earth; Institute of Rock and Soil Mechanics; Institute of Semiconductors; Institute of Software; Institute of Soil Science; Institute of Subtropical Agriculture; Institute of Theoretical Physics; Institute of Tibetan Plateau Research; Institute of Urban Environment; Institute of Vertebrate Paleontology and Paleoanthropology; Institute of Zoology; Institutes of Science and Development; Key Laboratory of Zoological Systematics and Evolution; Kunming Institute of Botany; Kunming Institute of Zoology; Lanzhou Institute of Chemical Physics; Nanjing Institute of Geography and Limnology; Nanjing Institute of Geology and Paleontology; National Astronomical Observatories; National Center for Nanoscience and Technology; National Science Library; National Space Science Center; National Time Service Center; Ningbo Institute of Industrial Technology; Northeast Institute of Geography and Agroecology; Northwest Institute of Eco-Environment and Resources; Northwest Institute of Plateau Biology; Purple Mountain Observatory; Qingdao Institute of Bioenergy and Bioprocess Technology; Research Center for Eco-Environmental Sciences; Shanghai Advanced Research Institute; Shanghai Astronomical Observatory; Shanghai Institute of Applied Physics; Shanghai Institute of Ceramics; Shanghai Institute of Materia Medica; Shanghai Institute of Microsystem and Information Technology; Shanghai Institute of Nutrition and Health; Shanghai Institute of Optics and Fine Mechanics; Shanghai Institute of Organic Chemistry; Shanghai Institute of Technical Physics; Shanghai Institutes for Biological Sciences; Shenyang Institute of Automation; Shenzhen Institutes of Advanced Technology; Sino-Africa Joint Research Center; South China Botanical Garden; South China Sea Institute Of Oceanology; Suzhou Institute of Biomedical Engineering and Technology; Suzhou Institute of Nano-tech and Nano-bionics; Technical Institute of Physics and Chemistry; Technology and Engineering Center for Space Utilization; Tianjin Institute of Industrial Biotechnology; University of Chinese Academy of Sciences; University of Science and Technology of China; Wuhan Botanical Garden; Wuhan Institute of Physics and Mathematics; Wuhan Institute of Virology; Xi'an Institute of Optics and Precision Mechanics; Xinjiang Institute of Ecology and Geography; Xinjiang Technical Institute of Physics & Chemistry; Xishuangbanna Tropical Botanical Garden; Yantai Institute of Coastal Zone Research",https://openalex.org/I4210120485; https://openalex.org/I4210151155; https://openalex.org/I4210137199; https://openalex.org/I4210165198; https://openalex.org/I2801577699; https://openalex.org/I4210115799; https://openalex.org/I4210097554; https://openalex.org/I4210121447; https://openalex.org/I4210139738; https://openalex.org/I4210092888; https://openalex.org/I4210088164; https://openalex.org/I4210152908; https://openalex.org/I4210123021; https://openalex.org/I4210108629; https://openalex.org/I180585399; https://openalex.org/I4210119098; https://openalex.org/I4210128491; https://openalex.org/I3018690959; https://openalex.org/I2802148028; https://openalex.org/I4413047281; https://openalex.org/I2802624667; https://openalex.org/I4387154354; https://openalex.org/I4210096219; https://openalex.org/I4210095609; https://openalex.org/I4210099069; https://openalex.org/I4210110024; https://openalex.org/I4210152758; https://openalex.org/I4210112150; https://openalex.org/I4210112540; https://openalex.org/I4210158097; https://openalex.org/I4210155088; https://openalex.org/I4210159903; https://openalex.org/I4210090176; https://openalex.org/I4210154862; https://openalex.org/I4210159790; https://openalex.org/I4210128819; https://openalex.org/I4210110458; https://openalex.org/I4210120320; https://openalex.org/I4210124606; https://openalex.org/I4210135735; https://openalex.org/I4210105990; https://openalex.org/I4210160793; https://openalex.org/I4210126061; https://openalex.org/I4210137180; https://openalex.org/I4210089584; https://openalex.org/I4210156404; https://openalex.org/I4210157653; https://openalex.org/I4210126304; https://openalex.org/I4210134982; https://openalex.org/I4210119392; https://openalex.org/I4210131271; https://openalex.org/I4210124748; https://openalex.org/I4210101167; https://openalex.org/I4210128284; https://openalex.org/I4210159876; https://openalex.org/I4210133325; https://openalex.org/I4210131870; https://openalex.org/I4210128053; https://openalex.org/I4210140379; https://openalex.org/I4210149211; https://openalex.org/I4210128818; https://openalex.org/I4210165559; https://openalex.org/I4210107235; https://openalex.org/I4210125404; https://openalex.org/I4210141476; https://openalex.org/I4210119653; https://openalex.org/I4210086287; https://openalex.org/I4210167311; https://openalex.org/I4210116191; https://openalex.org/I4387153529; https://openalex.org/I13850615; https://openalex.org/I18489884; https://openalex.org/I4210089297; https://openalex.org/I4210134482; https://openalex.org/I4210103797; https://openalex.org/I4210164580; https://openalex.org/I4210141483; https://openalex.org/I4210148850; https://openalex.org/I4210115570; https://openalex.org/I4210093645; https://openalex.org/I4210165339; https://openalex.org/I4210101301; https://openalex.org/I4210106526; https://openalex.org/I4387155266; https://openalex.org/I2802340896; https://openalex.org/I4210158139; https://openalex.org/I4210144289; https://openalex.org/I4210111959; https://openalex.org/I2799714274; https://openalex.org/I4210123885; https://openalex.org/I4210163874; https://openalex.org/I4210112820; https://openalex.org/I4210147322; https://openalex.org/I4210096013; https://openalex.org/I4210135349; https://openalex.org/I4210112946; https://openalex.org/I4210135723; https://openalex.org/I4210106477; https://openalex.org/I142078773; https://openalex.org/I4210145761; https://openalex.org/I4387155549; https://openalex.org/I4210120696; https://openalex.org/I4210103685; https://openalex.org/I4210092817; https://openalex.org/I4210092495; https://openalex.org/I4210140689; https://openalex.org/I4210086028; https://openalex.org/I4210139473; https://openalex.org/I4210165038; https://openalex.org/I126520041; https://openalex.org/I4210122269; https://openalex.org/I4210099135; https://openalex.org/I4210106882; https://openalex.org/I4210144662; https://openalex.org/I4210103115; https://openalex.org/I4210106108; https://openalex.org/I2801454379; https://openalex.org/I4210108244,,
https://openalex.org/I82880672,2,Beihang University,funder,China,Beijing,BUAA,北京航空航天大学; Beijing University of Aeronautics and Astronautics,127183,2144489,4.5807686570874555,367,41717,https://en.wikipedia.org/wiki/Beihang%20University,State Key Laboratory of Software Development Environment; State Key Laboratory of Virtual Reality Technology and Systems,https://openalex.org/I4391767781; https://openalex.org/I4392738276,,
https://openalex.org/I157773358,2,Sun Yat-sen University,funder,China,Guangzhou,,中山大学,237461,4981587,4.579430386273176,510,91640,https://en.wikipedia.org/wiki/Sun%20Yat-sen%20University,"National Supercomputer Center in Guangzhou; State Key Laboratory of Oncology in South China; State Key Laboratory of Ophthalmology; State Key Laboratory of Optoelectronic Materials and Technology; State Key Laboratory of Pest Control and Resource Utilization; Zhongshan Ophthalmic Center, Sun Yat-sen University",https://openalex.org/I4409876547; https://openalex.org/I4391768007; https://openalex.org/I4391768270; https://openalex.org/I4391767867; https://openalex.org/I4391768288; https://openalex.org/I4401726874,,
https://openalex.org/I125839683,2,Beijing Institute of Technology,funder,China,Beijing,BIT,北京理工大学,115423,1980186,5.336323682660505,379,36870,https://en.wikipedia.org/wiki/Beijing%20Institute%20of%20Technology,,,Ministry of Industry and Information Technology,https://openalex.org/I890469752
https://openalex.org/I74973139,2,Carnegie Mellon University,funder,United States,Pittsburgh,CMU,,140412,7321241,5.052365735491186,871,71193,https://en.wikipedia.org/wiki/Web%20server%20directory%20index,Advanced Cyberinfrastructure Coordination Ecosystem: Services & Support; Carnegie Mellon Portugal; Carnegie Mellon University Africa; Carnegie Mellon University Australia; Carnegie Mellon University Qatar; Center for the Neural Basis of Cognition; Software Engineering Institute,https://openalex.org/I4387152812; https://openalex.org/I4409876594; https://openalex.org/I4210130200; https://openalex.org/I4210091826; https://openalex.org/I4210089979; https://openalex.org/I4210086114; https://openalex.org/I114772536,,
https://openalex.org/I55712492,2,Zhejiang University of Technology,funder,China,Hangzhou,ZJUT,浙江工业大学; Zhèjiāng Gōngyè Dàxúe,54610,902991,5.587759036144578,247,18948,https://en.wikipedia.org/wiki/Zhejiang%20University%20of%20Technology,Yiwu Science and Technology Research Institute; Zhijiang College of Zhejiang University of Technology,https://openalex.org/I4210159154; https://openalex.org/I4402554164,,
https://openalex.org/I91125648,2,Wuhan Institute of Technology,funder,China,Wuhan,WIT,Hubei Petrochemical Institute; Wǔhàn Gōngchéng Dàxué; 武汉工程大学,18044,271814,5.493939393939394,168,5969,https://en.wikipedia.org/wiki/Wuhan%20Institute%20of%20Technology,,,,
https://openalex.org/I108688024,2,Qingdao University,funder,China,Qingdao,,Qīngdǎo Dàxué; 青岛大学,66272,1066114,5.237391304347826,267,22112,https://en.wikipedia.org/wiki/Qingdao%20University,,,,
https://openalex.org/I15062923,2,Tianjin Normal University,funder,China,Tianjin,TNU,天津师范大学,12558,166179,3.8017197774405664,137,3625,https://en.wikipedia.org/wiki/Tianjin%20Normal%20University,,,,
https://openalex.org/I20231570,2,Peking University,funder,China,Beijing,PKU,Imperial University of Peking; 北京大学,309207,7517901,4.781072830353249,669,119601,https://en.wikipedia.org/wiki/Peking%20University,Beijing Institute of Big Data Research; Center for Life Sciences; Collaborative Innovation Center of Quantum Matter; HKUST Shenzhen Research Institute; State Key Laboratory of Advanced Optical Communication Systems and Networks; State Key Laboratory of Artificial Microstructure and Mesoscopic Physics; State Key Laboratory of Digital Publishing Technology; State Key Laboratory of Membrane Biology; State Key Laboratory of Natural and Biomimetic Drugs; State Key Laboratory of Nuclear Physics and Technology; State Key Laboratory of Protein and Plant Gene Research; State Key Laboratory of Rare Earth Materials Chemistry and Application; State Key Laboratory of Turbulence and Complex Systems; State Key Laboratory of Visual and Auditory Information Processing,https://openalex.org/I4210096250; https://openalex.org/I4210160507; https://openalex.org/I4210127494; https://openalex.org/I4210096887; https://openalex.org/I4392021209; https://openalex.org/I4391767804; https://openalex.org/I4391767988; https://openalex.org/I4391768054; https://openalex.org/I4391768132; https://openalex.org/I4391767693; https://openalex.org/I4391767842; https://openalex.org/I4391768055; https://openalex.org/I4391767778; https://openalex.org/I4391768100,,
https://openalex.org/I200769079,2,Hong Kong University of Science and Technology,funder,Hong Kong,Hong Kong,HKUST,,81124,3015535,6.10304843837666,511,39710,https://en.wikipedia.org/wiki/Hong%20Kong%20University%20of%20Science%20and%20Technology,Chinese National Engineering Research Center for Control and Treatment of Heavy Metal Pollution; Guangdong-Hongkong-Macau Joint Laboratory of Collaborative Innovation for Environmental Quality; Guangzhou HKUST Fok Ying Tung Research Institute; HKUST Shenzhen Research Institute; Institute of Molecular Functional Materials,https://openalex.org/I4210140646; https://openalex.org/I4210107815; https://openalex.org/I4210159029; https://openalex.org/I4210096887; https://openalex.org/I4210094881,,
https://openalex.org/I37461747,2,Wuhan University,funder,China,Wuhan,WHU,武汉大学,188319,3687520,5.0292194837481965,455,66555,https://en.wikipedia.org/wiki/Wuhan%20University,Duke Kunshan University; State Key Laboratory of Software Engineering; State Key Laboratory of Virology; State Key Laboratory of Water Resources and Hydropower Engineering Science,https://openalex.org/I4210159968; https://openalex.org/I4391768271; https://openalex.org/I4391768268; https://openalex.org/I4391768013,,
https://openalex.org/I50760025,2,Hangzhou Dianzi University,funder,China,Hangzhou,HDU,杭州电子科技大学; Hángzhōu diànzǐ kējì dàxué; Hangzhou Institute of Electrical Engineering,30491,365203,4.089799476896251,179,7915,https://en.wikipedia.org/wiki/Hangzhou%20Dianzi%20University,,,,
https://openalex.org/I10660446,2,Kunming University of Science and Technology,funder,China,Kunming,KMUST; KUST,昆明理工大学,46194,529482,4.39618511569731,188,12577,https://en.wikipedia.org/wiki/Kunming%20University%20of%20Science%20and%20Technology,,,,
https://openalex.org/I76569877,2,Southeast University,funder,China,Nanjing,SEU,Dōngnán Dàxué; 东南大学,133738,2459734,5.103754635352287,362,49328,https://en.wikipedia.org/wiki/Southeast%20University,State Key Laboratory of Digital Medical Engineering; State Key Laboratory of Millimeter Waves; State Key Laboratory of Mobile Communications,https://openalex.org/I4387154005; https://openalex.org/I4391768253; https://openalex.org/I4391768199,,
https://openalex.org/I25757504,2,China University of Mining and Technology,funder,China,Xuzhou,CUMT,Zhōngguó Kuàngyè Dàxué; 中国矿业大学,73761,1114982,4.77488482479408,236,25520,https://en.wikipedia.org/wiki/China%20University%20of%20Mining%20and%20Technology,State Key Laboratory for Geomechanics and Deep Underground Engineering; State Key Laboratory of Coal Resources and Safe Mining,https://openalex.org/I4391768053; https://openalex.org/I4391767921,,
https://openalex.org/I92403157,2,University of Science and Technology Beijing,funder,China,Beijing,USTB,北京科技大学; Beijing Steel and Iron Institute,82140,1524586,5.261148582280139,305,30593,https://en.wikipedia.org/wiki/University%20of%20Science%20and%20Technology%20Beijing,State Key Laboratory for Advanced Metals and Materials; State Key Laboratory of New Technology of Iron and Steel Metallurgy,https://openalex.org/I4391768112; https://openalex.org/I4391767834,,
https://openalex.org/I4210165198,1,Beijing Advanced Sciences and Innovation Center,facility,China,Beijing,BASIC,北京综合研究中心,3332,89831,4.955617198335645,122,1638,,,,Chinese Academy of Sciences,https://openalex.org/I19820366
https://openalex.org/I90610280,1,South China University of Technology,funder,China,Guangzhou,SCUT,Huánán Lǐgōng Dàxué; 华南理工大学,129591,2776149,5.644490833182066,384,50530,https://en.wikipedia.org/wiki/South%20China%20University%20of%20Technology,South China Institute of Collaborative Innovation; State Key Laboratory of Luminescent Materials and Devices; State Key Laboratory of Pulp and Paper Engineering; State Key Laboratory of Subtropical Building Science,https://openalex.org/I4210157323; https://openalex.org/I4391767939; https://openalex.org/I4391767828; https://openalex.org/I4391768177,,
https://openalex.org/I45928872,1,Alibaba Group (China),company,China,Hangzhou,,阿里巴巴集团控股有限公司; Ālǐbābā Jítuán Kònggǔ Yǒuxiàn Gōngsī,5329,113964,6.642899584076055,136,1972,https://en.wikipedia.org/wiki/Alibaba%20Group,Alibaba Group (Cayman Islands); Alibaba Group (United States),https://openalex.org/I4210086143; https://openalex.org/I4210095624,,
https://openalex.org/I183067930,1,Shanghai Jiao Tong University,funder,China,Shanghai,SJTU,上海交通大学; Shanghai Communications University; 上海交通大學; Shanghai Jiaotong University,309794,6404179,4.788630346941619,544,119945,https://en.wikipedia.org/wiki/Shanghai%20Jiao%20Tong%20University,Collaborative Innovation Center of Advanced Microstructures; State Key Laboratory of Advanced Optical Communication Systems and Networks; State Key Laboratory of Mechanical System and Vibration; State Key Laboratory of Medical Genomics; State Key Laboratory of Metal Matrix Composites; State Key Laboratory of Microbial Metabolism; State Key Laboratory of Ocean Engineering,https://openalex.org/I4210140493; https://openalex.org/I4392021209; https://openalex.org/I4391768146; https://openalex.org/I4392021104; https://openalex.org/I4391767745; https://openalex.org/I4391767884; https://openalex.org/I4391767790,,
https://openalex.org/I93477617,1,Huizhou University,education,China,Huizhou,,惠州学院; Huizhou College,5609,35619,3.719560878243513,71,939,https://en.wikipedia.org/wiki/Huizhou%20University,,,,
https://openalex.org/I4401726805,1,Megvii (China),company,China,Beijing,,Megvii Technology Ltd; 旷视科技; 旷视; Megvii; 北京旷视科技有限公司; Megvii Technology; Megvii Inc; Megvii Technology Limited,371,57080,27.41592920353982,96,253,,,,,
https://openalex.org/I84218800,1,"University of California, Davis",funder,United States,Davis,UCD,UC Davis; Université de Californie à Davis; Universidad de California en Davis,270782,11128204,3.688481141692151,860,142223,https://en.wikipedia.org/wiki/University%20of%20California%2C%20Davis,NeuroMab; Tahoe Environmental Research Center,https://openalex.org/I4210092208; https://openalex.org/I4387155247,University of California System,https://openalex.org/I2803209242
https://openalex.org/I3124059619,1,China University of Geosciences,funder,China,Wuhan,CUG,Beijing Institute of Geology; Wuhan College of Geology; 中国地质大学; Hubei College of Geology,53889,1057470,5.549489887238232,266,20921,https://en.wikipedia.org/wiki/China%20University%20of%20Geosciences%20%28Wuhan%29,State Key Laboratory of Biogeology and Environmental Geology; State Key Laboratory of Geological Processes and Mineral Resources,https://openalex.org/I4391767645; https://openalex.org/I4391767817,,
https://openalex.org/I4210094388,1,Columbus Oncology and Hematology Associates,other,United States,Columbus,,,1193,15725,1.4903846153846154,62,235,,,,,
https://openalex.org/I4210087969,1,Guangzhou Center for Disease Control and Prevention,government,China,Guangzhou,GZCDC,Guangzhou City Health Inspection Center; Guangzhou Health and Epidemic Prevention Station; 广州市疾病预防控制中心,3212,48663,2.2492113564668768,92,840,,,,,
https://openalex.org/I4210161699,1,Aviation General Hospital,healthcare,China,Beijing,AGH,,1117,14301,3.182648401826484,52,313,,,,,
https://openalex.org/I4210144285,1,Guangdong Provincial Academy of Environmental Science,education,China,Guangzhou,,,646,10338,5.209424083769633,50,196,,Guangdong-Hongkong-Macau Joint Laboratory of Collaborative Innovation for Environmental Quality,https://openalex.org/I4210107815,,
https://openalex.org/I40963666,1,Central China Normal University,funder,China,Wuhan,CCNU,Huazhong Normal University; 华中师范大学,36641,675014,4.767786561264822,267,11372,https://en.wikipedia.org/wiki/Central%20China%20Normal%20University,,,,
https://openalex.org/I39521962,1,Hunan City University,funder,China,Yiyang,,Húnán Chéngshì Xuéyuàn; 湖南城市学院,4642,32468,3.671280276816609,73,736,https://en.wikipedia.org/wiki/Hunan%20City%20University,,,,
https://openalex.org/I107077323,1,Worcester Polytechnic Institute,funder,United States,Worcester,WPI,,21230,554011,3.529559118236473,264,8251,https://en.wikipedia.org/wiki/Worcester%20Polytechnic%20Institute,,,,
https://openalex.org/I140786321,1,Tibet University,education,China,Lhasa,,西藏大学,5733,80569,3.979702300405954,109,1727,https://en.wikipedia.org/wiki/Tibet%20University,,,,
https://openalex.org/I4210144436,1,Shanghai Huayi Group (China),company,China,Shanghai,,上海华谊（集团）公司,332,2031,1.880952380952381,22,56,https://en.wikipedia.org/wiki/Shanghai%20Huayi%20%28Group%29%20Company,,,,
https://openalex.org/I4210094970,1,Energy Research Institute,facility,China,Jinan,,山东省科学院能源研究所,5676,111286,4.13375796178344,142,1772,,,,Shandong Academy of Sciences,https://openalex.org/I4210142748
https://openalex.org/I150229711,1,University of Electronic Science and Technology of China,funder,China,Chengdu,UESTC,电子科技大学,121417,1869343,4.533140713269223,339,35675,https://en.wikipedia.org/wiki/University%20of%20Electronic%20Science%20and%20Technology%20of%20China,State Key Laboratory of Electronic Thin Films and Integrated Devices,https://openalex.org/I4391767659,,
https://openalex.org/I7350606,1,Dalian Jiaotong University,education,China,Dalian,,Dàlián Jiāotōng Dàxué; 大连交通大学,8984,62522,2.829592684954281,89,1419,https://en.wikipedia.org/wiki/Dalian%20Jiaotong%20University,,,,
https://openalex.org/I31683504,1,Beijing Forestry University,funder,China,Beijing,BFU; BJFU,北京林业大学,31667,544424,4.779097387173397,212,11488,https://en.wikipedia.org/wiki/Beijing%20Forestry%20University,,,Ministry of Education of the People's Republic of China,https://openalex.org/I1327237609
https://openalex.org/I84653119,1,Academia Sinica,funder,Taiwan,Taipei,,Central Research Academy; 中央研究院; Chinese Academy,33712,693401,2.616279069767442,255,12468,https://en.wikipedia.org/wiki/Academia%20Sinica,"Agricultural Biotechnology Research Center, Academia Sinica; Biodiversity Research Center, Academia Sinica; Biomedical Translation Research Center; Genomics Research Center, Academia Sinica; Institute of Astronomy and Astrophysics, Academia Sinica; Institute of Atomic and Molecular Sciences, Academia Sinica; Institute of Biological Chemistry, Academia Sinica; Institute of Biomedical Sciences, Academia Sinica; Institute of Cellular and Organismic Biology, Academia Sinica; Institute of Chemistry, Academia Sinica; Institute of Chinese Literature and Philosophy, Academia Sinica; Institute of Earth Sciences, Academia Sinica; Institute of Economics, Academia Sinica; Institute of Ethnology, Academia Sinica; Institute of European and American Studies, Academia Sinica; Institute of History and Philology, Academia Sinica; Institute of Information Science, Academia Sinica; Institute of Linguistics, Academia Sinica; Institute of Mathematics, Academia Sinica; Institute of Modern History, Academia Sinica; Institute of Molecular Biology, Academia Sinica; Institute of Physics, Academia Sinica; Institute of Plant and Microbial Biology, Academia Sinica; Institute of Political Science, Academia Sinica; Institute of Sociology, Academia Sinica; Institute of Statistical Science, Academia Sinica; Institute of Taiwan History, Academia Sinica; Institutum Iurisprudentiae, Academia Sinica; Research Center for Applied Science, Academia Sinica; Research Center for Environmental Changes, Academia Sinica; Research Center for Humanities and Social Sciences, Academia Sinica; Research Center for Information Technology Innovation, Academia Sinica",https://openalex.org/I4210146572; https://openalex.org/I4210138331; https://openalex.org/I4210120610; https://openalex.org/I4210087491; https://openalex.org/I1311099166; https://openalex.org/I4210135784; https://openalex.org/I4210092384; https://openalex.org/I4210096666; https://openalex.org/I4210132902; https://openalex.org/I4210157360; https://openalex.org/I4210108996; https://openalex.org/I4210128530; https://openalex.org/I51434173; https://openalex.org/I4210107432; https://openalex.org/I4210104011; https://openalex.org/I4210103246; https://openalex.org/I4210098366; https://openalex.org/I4210150104; https://openalex.org/I4210099334; https://openalex.org/I4210141771; https://openalex.org/I4210136969; https://openalex.org/I4210111779; https://openalex.org/I4210093852; https://openalex.org/I4210086453; https://openalex.org/I4210101352; https://openalex.org/I4210141710; https://openalex.org/I4210130467; https://openalex.org/I4210149173; https://openalex.org/I4210098509; https://openalex.org/I4210145996; https://openalex.org/I4210150355; https://openalex.org/I4210086894,,
https://openalex.org/I4210135349,1,Shanghai Institute of Optics and Fine Mechanics,funder,China,Shanghai,SIOM,中国科学院上海光学精密机械研究所,12579,156091,3.4367909238249594,124,3792,,State Key Laboratory of High Field Laser Physics,https://openalex.org/I4391767874,Chinese Academy of Sciences,https://openalex.org/I19820366
https://openalex.org/I59433898,1,Brunel University of London,funder,United Kingdom,London,,Brunel University London,46136,1350418,4.472890833941162,361,20692,https://en.wikipedia.org/wiki/Brunel%20University%20London,,,,
https://openalex.org/I130438778,1,Memorial University of Newfoundland,funder,Canada,St. John's,MUN,Memorial University,49742,1310275,3.5109284138760777,357,21366,https://en.wikipedia.org/wiki/Memorial%20University%20of%20Newfoundland,Newfoundland and Labrador Centre for Applied Health Research,https://openalex.org/I4210127417,,
https://openalex.org/I204778367,1,Norwegian University of Science and Technology,funder,Norway,Trondheim,NTNU,Norjan teknis-luonnontieteellinen yliopisto; Norges Teknisk-Naturvitenskapelige Universitet,100887,3003658,4.208437255041687,496,47447,https://en.wikipedia.org/wiki/Norwegian%20University%20of%20Science%20and%20Technology,,,,
https://openalex.org/I76130692,1,Zhejiang University,funder,China,Hangzhou,ZJU,Zheda; Chekiang University; 浙江大学,308506,6561596,5.122229213483146,527,122689,https://en.wikipedia.org/wiki/Zhejiang%20University,Collaborative Innovation Center of Advanced Microstructures; Huzhou Central Hospital; State Key Laboratory Fluid Power and Mechatronic Systems; State Key Laboratory of Clean Energy Utilization; State Key Laboratory of Computer Aided Design and Graphics; State Key Laboratory of Diagnosis and Treatment of Infectious Diseases; State Key Laboratory of Industrial Control Technology; State Key Laboratory of Modern Optical Instruments; State Key Laboratory of Plant Physiology and Biochemistry; State Key Laboratory of Rice Biology; State Key Laboratory of Silicon Materials; The Synergetic Innovation Center for Advanced Materials; Zhejiang Taizhou Hospital; Zhejiang University-University of Edinburgh Institute,https://openalex.org/I4210140493; https://openalex.org/I4210105567; https://openalex.org/I4391767679; https://openalex.org/I4391767671; https://openalex.org/I4391767862; https://openalex.org/I4391768041; https://openalex.org/I4391767838; https://openalex.org/I4391767668; https://openalex.org/I4391768222; https://openalex.org/I4391767812; https://openalex.org/I4391767789; https://openalex.org/I4210159340; https://openalex.org/I4210158774; https://openalex.org/I4210158570,,
https://openalex.org/I1335486098,1,Electric Power Research Institute,nonprofit,United States,Palo Alto,EPRI,,13934,222353,1.9763779527559056,181,3146,https://en.wikipedia.org/wiki/Electric%20Power%20Research%20Institute,,,,
https://openalex.org/I177739611,1,Yangtze University,funder,China,Jingzhou,YU,长江大学,23515,219666,3.534726490473264,134,5393,https://en.wikipedia.org/wiki/Yangtze%20University,"Key Laboratory of Drilling and Production Engineering for Oil and Gas, Hubei Province",https://openalex.org/I4387154485,,
https://openalex.org/I3131412887,1,Jiangxi University of Technology,education,China,Jiangxi,JXUT,Jiangxi Blue Sky University; 江西科技学院,2419,10900,2.2662721893491122,47,274,https://en.wikipedia.org/wiki/Jiangxi%20University%20of%20Technology,,,,
https://openalex.org/I58956616,1,Case Western Reserve University,funder,United States,Cleveland,CWRU,Case; Case Western Reserve,162350,6593060,3.7321148415437717,749,79118,https://en.wikipedia.org/wiki/Case%20Western%20Reserve%20University,Case Comprehensive Cancer Center; Clinical and Translational Science Collaborative of Northern Ohio,https://openalex.org/I4390039247; https://openalex.org/I4391767773,,
https://openalex.org/I4210160222,1,Liaocheng People's Hospital,healthcare,China,Liaocheng,,聊城市人民医院,4995,51992,2.7168610816542946,74,1387,,,,,
https://openalex.org/I126520041,1,University of Science and Technology of China,funder,China,Hefei,USTC,中国科学技术大学,171646,4662741,6.019428644468588,535,76174,https://en.wikipedia.org/wiki/University%20of%20Science%20and%20Technology%20of%20China,CAS Key Laboratory of Urban Pollutant Conversion; Collaborative Innovation Center of Advanced Microstructures; Hefei Material Science and Technology Center; Hefei National Center for Physical Sciences at Nanoscale; National Synchrotron Radiation Laboratory; State Key Laboratory of Fire Science; State Key Laboratory of Nuclear Detection and Nuclear Electronics,https://openalex.org/I4210124140; https://openalex.org/I4210140493; https://openalex.org/I4210139613; https://openalex.org/I4210103894; https://openalex.org/I4210149848; https://openalex.org/I4391768148; https://openalex.org/I4391767989,Chinese Academy of Sciences,https://openalex.org/I19820366
https://openalex.org/I90149893,1,China Earthquake Administration,funder,China,Beijing,CEA; NEB,National Earthquake Bureau; Zhōngguó dìzhèn jú; 中国地震局; 中国地震台网中心,15454,187759,2.8911508101371,144,4181,https://en.wikipedia.org/wiki/China%20Earthquake%20Administration,"Fushun Seismological Bureau; Hebei Seismological Bureau; Heilongjiang Earthquake Agency; Institute of Disaster Prevention; Institute of Earthquake Forecasting, China Earthquake Administration; Institute of Engineering Mechanics, China Earthquake Administration; Institute of Geology, China Earthquake Administration; Ningxia Seismological Bureau; Zhangjiakou City Science and Technology and Seismological Bureau",https://openalex.org/I4210156653; https://openalex.org/I4210133073; https://openalex.org/I4210100745; https://openalex.org/I4210098369; https://openalex.org/I4408542107; https://openalex.org/I4408541831; https://openalex.org/I4391768021; https://openalex.org/I4210125232; https://openalex.org/I4210100862,,
https://openalex.org/I4210129465,1,Wuhan Ship Development & Design Institute,facility,China,Wuhan,WSDDI,武汉船舶设计研究院,7806,52317,2.9079545454545452,80,1295,,,,,
https://openalex.org/I4391768268,1,State Key Laboratory of Virology,funder,China,Wuhan,,State Key Lab of Virology; 病毒学国家重点实验室,961,30283,5.909090909090909,81,565,,,,Wuhan Institute of Virology; Wuhan University,https://openalex.org/I4210106882; https://openalex.org/I37461747
https://openalex.org/I36234482,1,University of Bristol,funder,United Kingdom,Bristol,,Prifysgol Bryste,179801,7266060,4.406453181017197,753,85649,https://en.wikipedia.org/wiki/University%20of%20Bristol,"Bristol University Press; Centre for the Observation and Modelling of Earthquakes, Volcanoes and Tectonics; MRC Integrative Epidemiology Unit; Max Planck-Bristol Centre for Minimal Biology; NIHR Bristol Biomedical Research Centre",https://openalex.org/I4394709140; https://openalex.org/I4210147017; https://openalex.org/I4387155195; https://openalex.org/I4210149754; https://openalex.org/I4210119147,,
https://openalex.org/I141649914,1,Nanchang University,funder,China,Nanchang,NCU,Nánchāng Dàxué; 南昌大学,62791,956016,4.74747857738682,243,20620,https://en.wikipedia.org/wiki/Nanchang%20University,State Key Laboratory of Food Science and Technology,https://openalex.org/I4210152154,,
https://openalex.org/I87445476,1,Xi'an Jiaotong University,funder,China,Xi'an,XJTU,Xian Jiaotong University; 西安交通大学; Xi'an Jiao Tong University,169507,3307423,5.111719076893366,419,64118,https://en.wikipedia.org/wiki/Xi%27an%20Jiaotong%20University,State Key Laboratory of Electrical Insulation and Power Equipment; State Key Laboratory of Mechanical Manufacturing System Engineering; State Key Laboratory of Mechanical Structure Strength and Vibration; State Key Laboratory of Multiphase Flow in Power Engineering; State Key Laboratory of Strength of Metallic Materials,https://openalex.org/I4391768273; https://openalex.org/I4391768051; https://openalex.org/I4391768032; https://openalex.org/I4391767999; https://openalex.org/I4391767755,,
https://openalex.org/I172675005,1,Nanyang Technological University,funder,Singapore,Singapore,NTU,南洋理工大学; நன்யாங் தொழில்நுட்பப் பல்கலைக்கழகம்; Universiti Teknologi Nanyang,166825,5618988,6.541890218737103,631,80194,https://en.wikipedia.org/wiki/Nanyang%20Technological%20University,National Institute of Education; UMI MajuLab,https://openalex.org/I194744927; https://openalex.org/I4210114908,,
https://openalex.org/I183519381,1,Capital Medical University,funder,China,Beijing,CUMS; CMU; CCMU,首都医科大学,115612,1744628,3.152490986561783,316,33860,https://en.wikipedia.org/wiki/Capital%20University%20of%20Medical%20Sciences,,,,
https://openalex.org/I43922553,1,Wuhan University of Science and Technology,funder,China,Wuhan,WUST,武汉科技大学,29632,383149,4.0119178297004865,172,7940,https://en.wikipedia.org/wiki/Wuhan%20University%20of%20Science%20and%20Technology,,,,
https://openalex.org/I187400657,1,South China Normal University,funder,China,Guangzhou,SCNU,华南师范大学,42450,680926,4.862123404815156,218,14286,https://en.wikipedia.org/wiki/South%20China%20Normal%20University,,,,
https://openalex.org/I159948400,1,Jinan University,funder,China,Guangzhou,JNU,暨南大学,63128,1174935,5.8141178474114446,274,23835,https://en.wikipedia.org/wiki/Jinan%20University,Guangdong-Hongkong-Macau Joint Laboratory of Collaborative Innovation for Environmental Quality; The Affiliated Shunde Hospital of Jinan University,https://openalex.org/I4210107815; https://openalex.org/I4392738306,,
https://openalex.org/I130480701,1,Dongbei University of Finance and Economics,education,China,Dalian,DUFE,Dongbei Institute of Finance and Economics; Liaoning Institute of Finance and Economics; 东北财经大学,6120,81126,4.46393588601959,124,1497,https://en.wikipedia.org/wiki/Dongbei%20University%20of%20Finance%20and%20Economics,,,,
https://openalex.org/I4750791,1,Henan Agricultural University,funder,China,Zhengzhou,,河南农业大学,18568,251502,4.544273339749759,151,5801,https://en.wikipedia.org/wiki/Henan%20Agricultural%20University,,,,
https://openalex.org/I166337079,1,Queen Mary University of London,funder,United Kingdom,London,QMUL,"Queen Mary College; Medical College of St Bartholomew's Hospital; London Hospital Medical College; Barts and The London School of Medicine and Dentistry; Queen Mary, Prifysgol Llundain; Westfield College",112710,4003325,5.0251422420421346,603,51167,https://en.wikipedia.org/wiki/Queen%20Mary%20University%20of%20London,William Harvey Research Institute,https://openalex.org/I4210149920,University of London,https://openalex.org/I124357947
https://openalex.org/I9224756,1,Northeastern University,funder,China,Shenyang,NEU,东北大学; Dōngběi Dàxué,77766,1188414,4.870901348474095,254,27016,https://en.wikipedia.org/wiki/Northeastern%20University%20%28China%29,State Key Laboratory of Rolling Technology and Continuous Rolling Automation; State Key Laboratory of Synthetical Automation for Process Industries,https://openalex.org/I4391768283; https://openalex.org/I4391767858,,
https://openalex.org/I118803816,1,Liaoning University,funder,China,Shenyang,,Liáoníng Dàxué; 辽宁大学,14287,157579,4.354658651781881,128,3652,https://en.wikipedia.org/wiki/Liaoning%20University,,,,
https://openalex.org/I191208505,1,Xiamen University,funder,China,Xiamen,XMU,厦门大学; Xiàmén Dàxué,97148,2126739,5.1477380223693725,388,37688,https://en.wikipedia.org/wiki/Xiamen%20University,State Key Laboratory of Cell Stress Biology; State Key Laboratory of Marine Environmental Science; Xiamen University Malaysia,https://openalex.org/I4391767808; https://openalex.org/I4391767883; https://openalex.org/I4210134189,,
https://openalex.org/I4210089756,1,Bioscience (China),company,China,Tianjin,,Bioscience (Tianjin) Diagnostic Technology; 博奥赛斯,2453,59173,4.962585034013605,105,915,,,,,
https://openalex.org/I109935558,1,Ningbo University,funder,China,Ningbo,NBU,宁波大学; Níngbō Dàxué,49009,651675,4.745329843876906,200,15594,https://en.wikipedia.org/wiki/Ningbo%20University,,,,
https://openalex.org/I105086349,1,North Sichuan Medical University,education,China,Nanchong,NSMC,川北医学院; North Sichuan Medical College,5825,43566,2.8216612377850163,74,1180,https://en.wikipedia.org/wiki/North%20Sichuan%20Medical%20University,,,,
https://openalex.org/I4210095624,1,Alibaba Group (United States),company,United States,San Mateo,,,2370,54281,7.818910256410256,101,921,https://en.wikipedia.org/wiki/Alibaba%20Group,,,Alibaba Group (China),https://openalex.org/I45928872
https://openalex.org/I29739308,1,Guangxi Normal University,funder,China,Guilin,GXNU,广西师范大学; Guǎngxī shīfàn dàxué,20138,205065,3.8481087470449173,139,4805,https://en.wikipedia.org/wiki/Guangxi%20Normal%20University,,,,
https://openalex.org/I139024713,1,Guangdong University of Technology,funder,China,Guangzhou,GDUT,Guǎngdōng Gōngyè Dàxué; 广东工业大学,45875,765028,5.712459761408824,246,15437,https://en.wikipedia.org/wiki/Guangdong%20University%20of%20Technology,,,,
https://openalex.org/I111950717,1,Macau University of Science and Technology,funder,Macao,Macao,MUST,Universidade de Ciência e Tecnologia de Macau,15829,326851,5.269271383315734,180,5660,https://en.wikipedia.org/wiki/Macau%20University%20of%20Science%20and%20Technology,Guangdong-Hongkong-Macau Joint Laboratory of Collaborative Innovation for Environmental Quality,https://openalex.org/I4210107815,Macau University of Science and Technology Foundation,https://openalex.org/I4391767947
https://openalex.org/I64449678,1,Putian University,funder,China,Putian,,莆田学院,5260,26401,2.6748466257668713,62,706,https://en.wikipedia.org/wiki/Putian%20University,,,,
https://openalex.org/I46482218,1,Anqing Normal University,funder,China,Anking,,Anqing Teachers College; 安庆师范学院,5441,41685,3.211842105263158,82,981,https://en.wikipedia.org/wiki/Anqing%20Normal%20University,,,,
https://openalex.org/I24185976,1,Sichuan University,funder,China,Chengdu,SCU,Sìchuān Dàxué; 四川大学,213216,3729564,4.69815730949031,407,76323,https://en.wikipedia.org/wiki/Sichuan%20University,State Key Laboratory of Biotherapy; State Key Laboratory of Hydraulics and Mountain River Engineering; State Key Laboratory of Oral Diseases; State Key Laboratory of Polymer Materials Engineering; West China Medical Center of Sichuan University,https://openalex.org/I4391768003; https://openalex.org/I4391767678; https://openalex.org/I4391768043; https://openalex.org/I4409876251; https://openalex.org/I2800091995,,
https://openalex.org/I3019120426,1,China Iron and Steel Research Institute Group,facility,China,Beijing,CISRI,钢铁研究总院; Central Iron & Steel Research Institute; Automation Research Institute of China,6944,80750,3.6257901390644753,94,2127,,State Key Laboratory of Advanced Steel Processing and Products,https://openalex.org/I4391767681,,
https://openalex.org/I131434179,1,Nanjing University of Chinese Medicine,funder,China,Nanjing,NJUCM,南京中医药大学; Nánjīng Zhōng Yīyào Dàxué,25372,309457,4.072759114790639,146,7532,https://en.wikipedia.org/wiki/Nanjing%20University%20of%20Chinese%20Medicine,,,,
https://openalex.org/I881766915,1,Nanjing University,funder,China,Nanjing,NU; NJU,南京大学; Nanking University,160271,3912582,5.436333276245932,475,68083,https://en.wikipedia.org/wiki/Nanjing%20University,Collaborative Innovation Center of Advanced Microstructures; Johns Hopkins University – Nanjing University Center for Chinese and American Studies; National Laboratory of Solid State Microstructures; State Key Laboratory of Analytical Chemistry for Life Science; State Key Laboratory of Metallogenic Mechanism of Endogenous Metal Deposits; State Key Laboratory of Modern Coordination Chemistry; State Key Laboratory of New Technology of Computer Software; State Key Laboratory of Pharmaceutical Biotechnology; State Key Laboratory of Pollution Control and Resource Reuse,https://openalex.org/I4210140493; https://openalex.org/I4210162165; https://openalex.org/I4391768004; https://openalex.org/I4391768173; https://openalex.org/I4391767641; https://openalex.org/I4391768193; https://openalex.org/I4391768078; https://openalex.org/I4391768045; https://openalex.org/I4210090489,,
https://openalex.org/I27781120,1,Wenzhou Medical University,funder,China,Wenzhou,WMC,温州医科大学; Wenzhou Yike Daxue,54763,816591,3.7989223400615804,230,17801,https://en.wikipedia.org/wiki/Wenzhou%20Medical%20University,,,,
https://openalex.org/I199305430,1,Nantong University,funder,China,Nantong,,南通大学; Nantong University Affiliated Tumor Hospital; Nántōng Dàxué,42837,492753,3.6514579400041955,173,12231,https://en.wikipedia.org/wiki/Nantong%20University,,,,
https://openalex.org/I26080491,1,Kunming Medical University,funder,China,Kunming,KMU,Kunming Medical College; 昆明医科大学,22874,235642,2.4683236778172306,139,5703,https://en.wikipedia.org/wiki/Kunming%20Medical%20University,,,,
https://openalex.org/I1294606314,1,Beijing Tongren Hospital,healthcare,China,Beijing,BTH,北京同仁医院; 首都医科大学附属北京同仁医院,12815,173000,2.8727272727272726,140,3208,https://en.wikipedia.org/wiki/Beijing%20Tongren%20Hospital,,,,
https://openalex.org/I78978612,1,Yangzhou University,funder,China,Yangzhou,,扬州大学,55039,875381,4.8837912986588154,255,18633,https://en.wikipedia.org/wiki/Yangzhou%20University,,,,
https://openalex.org/I31595395,1,Chengdu University of Technology,funder,China,Chengdu,CDUT,成都理工大学,24980,260739,3.8796739323055114,148,6221,https://en.wikipedia.org/wiki/Chengdu%20University%20of%20Technology,State Key Laboratory of Geohazard Prevention and Geoenvironment Protection,https://openalex.org/I4387155973,,
https://openalex.org/I113940042,1,Shanghai University,funder,China,Shanghai,SHU,上海大学; Shànghǎi Dàxué; 上海大學,85729,1377301,4.628472462764115,297,27403,https://en.wikipedia.org/wiki/Shanghai%20University,,,,
https://openalex.org/I177933477,1,Second Military Medical University,funder,China,Shanghai,SMMU,中国人民解放军海军军医大学; 第二军医大学; 中国人民解放军第二军医大学; People's Liberation Army Naval Medical University; 海军军医大学; 中國人民解放軍海軍軍醫大學,46054,918458,3.413639365918098,276,17484,https://en.wikipedia.org/wiki/Second%20Military%20Medical%20University,State Key Laboratory of Medical Immunology,https://openalex.org/I4391767733,,
https://openalex.org/I4210127530,1,Jining University,education,China,Qufu,,,2497,23648,4.996825396825397,64,564,,,,,
https://openalex.org/I89652312,1,Northwest A&F University,funder,China,Yangling,NWAFU,西北农林科技大学; Xīběi Nónglín Kējì Dàxué,51797,1179995,5.398509763617677,261,24244,https://en.wikipedia.org/wiki/Northwest%20A,,,,
https://openalex.org/I173899330,1,Henan University,funder,China,Kaifeng,,河南大学; Hénán Dàxué,39565,557465,4.814787339268052,211,12033,https://en.wikipedia.org/wiki/Henan%20University,State Key Laboratory of Cotton Biology,https://openalex.org/I4391768110,,
https://openalex.org/I2802505932,1,China Aerodynamics Research and Development Center,funder,China,Mianyang,CARDC,中国空气动力研究与发展中心; Zhōngguó Kōngqì Dònglì Yánjiū yǔ Fāzhǎn Zhōngxīn,6281,51230,2.9645669291338583,77,1366,https://en.wikipedia.org/wiki/China%20Aerodynamics%20Research%20and%20Development%20Center,State Key Laboratory of Aerodynamics,https://openalex.org/I4392738141,,
https://openalex.org/I4210122501,1,Hunan Xiangdian Test Research Institute (China),company,China,Changsha,,湖南湘电测试研究所; Hunan Provincial Electric Power High-tech Development Corporation; Hunan Provincial Xiangdian Experimental Research Institute,1737,7921,1.4012738853503184,38,192,,,,,
https://openalex.org/I154099455,1,Shandong University,funder,China,Jinan,SDU,"山东大学; Shāndōng Dàxué,",167561,3107450,4.541088510888374,369,64299,https://en.wikipedia.org/wiki/Shandong%20University,State Key Laboratory of Crystal Materials; State Key Laboratory of Microbial Technology,https://openalex.org/I4391768157; https://openalex.org/I4391767886,,
https://openalex.org/I198645480,1,North China University of Water Resources and Electric Power,funder,China,Zhengzhou,NCWU,华北水利水电大学; North China University of Water Conservancy and Electric Power,11629,91966,3.584290477954798,95,2346,https://en.wikipedia.org/wiki/North%20China%20University%20of%20Water%20Conservancy%20and%20Electric%20Power,,,,
https://openalex.org/I192209268,1,Shaoxing University,funder,China,Shaoxing,,绍兴文理学院; Shàoxīng Wénlǐ Xuéyuàn,10705,150098,5.497840596780526,135,3241,https://en.wikipedia.org/wiki/Shaoxing%20University,,,,
https://openalex.org/I103635307,1,"University of California, Riverside",funder,United States,Riverside,UCR,UC Riverside; Universidad de California en Riverside; Université de Californie à Riverside,90188,3560580,3.8875929102344196,566,46134,https://en.wikipedia.org/wiki/University%20of%20California%2C%20Riverside,,,University of California System,https://openalex.org/I2803209242
https://openalex.org/I4210165038,1,University of Chinese Academy of Sciences,funder,China,Beijing,UCAS,中国科学院大学,294555,7442021,5.5829288939051915,559,139254,https://en.wikipedia.org/wiki/University%20of%20the%20Chinese%20Academy%20of%20Sciences,International Centre for Theoretical Physics Asia-Pacific; Kavli Institute for Theoretical Sciences; Ningbo No. 2 Hospital,https://openalex.org/I4210101410; https://openalex.org/I4210105842; https://openalex.org/I4210101660,Chinese Academy of Sciences,https://openalex.org/I19820366
https://openalex.org/I24943067,1,Fudan University,funder,China,Shanghai,,復旦大學; 复旦大学,201332,4534494,4.657526550921591,516,78718,https://en.wikipedia.org/wiki/Fudan%20University,Collaborative Innovation Center of Advanced Microstructures; Shanghai Medical College of Fudan University; State Key Laboratory of ASIC and System; State Key Laboratory of Genetic Engineering; State Key Laboratory of Macromolecular Engineering; State Key Laboratory of Medical Neurobiology; State Key Laboratory of Surface Physics; Zhuhai Fudan Innovation Research Institute,https://openalex.org/I4210140493; https://openalex.org/I133868755; https://openalex.org/I4391767673; https://openalex.org/I4391768242; https://openalex.org/I4391767792; https://openalex.org/I4391768195; https://openalex.org/I4391768224; https://openalex.org/I4210110560,,
https://openalex.org/I36399199,1,Nanjing University of Science and Technology,funder,China,Nanjing,NUST,Nánlǐgōng; Nánjīng Lǐgōng Dàxué; 南京理工大学,70202,1202757,4.787794416434645,287,23579,https://en.wikipedia.org/wiki/Nanjing%20University%20of%20Science%20and%20Technology,Nanjing University of Science and Technology ZiJin College,https://openalex.org/I4403386710,,
https://openalex.org/I52158045,1,China Agricultural University,funder,China,Beijing,CAU,Zhōngguó Nóngyè Dàxué; 中国农业大学,72179,1776247,5.121906693711968,335,33118,https://en.wikipedia.org/wiki/China%20Agricultural%20University,State Key Laboratory of Agricultural Biotechnology; State Key Laboratory of Animal Nutrition; State Key Laboratory of Plant Physiology and Biochemistry,https://openalex.org/I4391768130; https://openalex.org/I4391767711; https://openalex.org/I4391768222,,
https://openalex.org/I173759888,1,Hunan Normal University,funder,China,Changsha,HNU; HUNNU,湖南师范大学; Húnán Shīfàn Dàxué,32780,407827,3.4193337687785763,181,9353,https://en.wikipedia.org/wiki/Hunan%20Normal%20University,,,,
https://openalex.org/I4210098369,1,Institute of Disaster Prevention,facility,China,Beijing,,Institute of Disaster Prevention Science and Technology; 防灾科技学院,2915,18328,2.6891271056661563,53,456,,,,China Earthquake Administration,https://openalex.org/I90149893
https://openalex.org/I59028903,1,Ocean University of China,funder,China,Qingdao,OUC,Zhōngguó Hǎiyáng Dàxué; 中国海洋大学,56315,1017810,4.454829494733083,260,21663,https://en.wikipedia.org/wiki/Ocean%20University%20of%20China,,,,
https://openalex.org/I80281795,1,University of Otago,funder,New Zealand,Dunedin,,,80922,2736199,3.9021683673469387,478,39970,https://en.wikipedia.org/wiki/University%20of%20Otago,Riddet Institute; The Dodd-Walls Centre for Photonic and Quantum Technologies,https://openalex.org/I4210159946; https://openalex.org/I4210148749,,
https://openalex.org/I4210118629,1,NARI Group (China),facility,China,Nanjing,NARI,Nanjing Automation Research Institute; 南京自动化研究所,5936,18995,0.8011695906432749,48,394,,,,,
https://openalex.org/I204983213,1,Harbin Institute of Technology,funder,China,Harbin,HIT,哈尔滨工业大学,188535,3463483,5.263993453355155,398,68548,https://en.wikipedia.org/wiki/Harbin%20Institute%20of%20Technology,State Key Laboratory of Advanced Welding and Joining; State Key Laboratory of Robotics and Systems; State Key Laboratory of Urban Water Resources and Water Environment,https://openalex.org/I4391767836; https://openalex.org/I4391767639; https://openalex.org/I4391767770,,
https://openalex.org/I148283060,1,Lawrence Berkeley National Laboratory,funder,United States,Berkeley,LBNL; LBL,United States Department of Energy Office of Science Lawrence Berkeley National Laboratory; Berkeley Lab; Laboratoire national lawrence-berkeley,125734,6930283,4.499014814274246,824,67040,https://en.wikipedia.org/wiki/Lawrence%20Berkeley%20National%20Laboratory,Advanced Light Source; Energy Sciences Network; Environmental System Science Data Infrastructure for a Virtual Ecosystem; Joint Center for Artificial Photosynthesis; Joint Genome Institute; Molecular Foundry; National Energy Research Scientific Computing Center; National Microbiome Data Collaborative,https://openalex.org/I4387152530; https://openalex.org/I4210126023; https://openalex.org/I4387152767; https://openalex.org/I4210156299; https://openalex.org/I196679689; https://openalex.org/I4387154492; https://openalex.org/I4210151627; https://openalex.org/I4387155554,Office of Science; University of California System,https://openalex.org/I39565521; https://openalex.org/I2803209242
https://openalex.org/I78577930,1,Columbia University,funder,United States,New York,CU,Columbia College; Columbia University in the City of New York; King's College; Universidad de Columbia,358875,17846447,4.680999051533354,1181,178439,https://en.wikipedia.org/wiki/Columbia%20University,Chan Zuckerberg Biohub New York; ICAP Global Health; Lamont-Doherty Earth Observatory,https://openalex.org/I4396570641; https://openalex.org/I4387154024; https://openalex.org/I152304114,,
https://openalex.org/I4800084,1,Southwest Jiaotong University,funder,China,Chengdu,SWJTU,Xīnán Jiāotōng Dàxué; 西南交通大学,67739,900422,4.449421628755531,235,19534,https://en.wikipedia.org/wiki/Southwest%20Jiaotong%20University,Southwest Jiaotong University Hope College; State Key Laboratory of Traction Power,https://openalex.org/I4403386517; https://openalex.org/I4391768108,,
https://openalex.org/I4210103115,1,Xinjiang Institute of Ecology and Geography,funder,China,Ürümqi,XIEG,中国科学院新疆生态与地理研究所,11111,260925,4.927337173238812,168,5238,,Research Center for Ecology and Environment of Central Asia; State Key Laboratory of Desert and Oasis Ecology,https://openalex.org/I4210101675; https://openalex.org/I4391767780,Chinese Academy of Sciences,https://openalex.org/I19820366
https://openalex.org/I60205797,1,Abilene Christian University,funder,United States,Abilene,ACU,Universidad Cristiana de Abilene,2507,120654,5.466367713004484,129,887,https://en.wikipedia.org/wiki/Abilene%20Christian%20University,,,,
https://openalex.org/I116036724,1,Shenyang Ligong University,funder,China,Shenyang,SLU,Shěnyáng Lǐgōng Dàxué,7722,35434,2.275147928994083,67,927,https://en.wikipedia.org/wiki/Shenyang%20Ligong%20University,,,,
https://openalex.org/I76214153,1,Lanzhou University,funder,China,Lanzhou,,兰州大学,86506,1657973,4.4004592715443005,311,33548,https://en.wikipedia.org/wiki/Lanzhou%20University,State Key Laboratory of Applied Organic Chemistry; State Key Laboratory of Herbage Improvement and Grassland Agro-ecosystems,https://openalex.org/I4391768068; https://openalex.org/I4391768087,,
https://openalex.org/I44675526,1,Shanghai Ocean University,funder,China,Shanghai,SHOU,上海海洋大学; 上海海洋大學,21901,303786,4.393096008629989,161,7043,https://en.wikipedia.org/wiki/Shanghai%20Ocean%20University,,,,
https://openalex.org/I47720641,1,Huazhong University of Science and Technology,funder,China,Wuhan,HUST,Huázhōng Kējì Dàxué; 华中科技大学,224457,4637930,4.986482121114231,496,83343,https://en.wikipedia.org/wiki/Huazhong%20University%20of%20Science%20and%20Technology,State Key Laboratory of Advanced Electromagnetic Engineering and Technology; State Key Laboratory of Coal Combustion; State Key Laboratory of Digital Manufacturing Equipment and Technology; State Key Laboratory of Laser Technology; State Key Laboratory of Materials Processing and Die & Mould Technology; State Key Laboratory of Plasting Molding Technology,https://openalex.org/I4391767976; https://openalex.org/I4391767933; https://openalex.org/I4391767905; https://openalex.org/I4391768264; https://openalex.org/I4391767882; https://openalex.org/I4391767965,,
https://openalex.org/I163151501,1,Hangzhou Normal University,funder,China,Hangzhou,,杭州师范大学; Hángzhōu Shīfàn Dàxué,21591,367135,4.966260943839419,188,7525,https://en.wikipedia.org/wiki/Hangzhou%20Normal%20University,,,,
https://openalex.org/I2802541053,1,Academy of Military Medical Sciences,funder,China,Beijing,,中国人民解放军军事医学科学院,12774,176422,2.189466484268126,142,3159,https://en.wikipedia.org/wiki/Academy%20of%20Military%20Medical%20Sciences,State Key Laboratory of Pathogenic Microorganism Biosafety; State Key Laboratory of Proteomics,https://openalex.org/I4391768248; https://openalex.org/I4391768116,,
