Author,OA_Profile,Geographic Trajectory,Years in the US,Geographic Trajectory (simplified),Geographic Trajectory (even more simplified),1970,1971,1975,1978,1982,1984,1985,1986,1987,1988,1989,1990,1991,1992,1993,1994,1995,1996,1997,1998,1999,2000,2001,2002,2003,2004,2005,2006,2007,2008,2009,2010,2011,2012,2013,2014,2015,2016,2017,2018,2019,2020,2021,2022,2023,2024,2025,2026
Aidi Li,https://openalex.org/A5108867005,China,0,Affiliated with one country,Started and Ended in China,,,,,,,,,,,,,,,,,,,,,,,,,,,,,,,,,,,,,,,,,,,,,China,,,
Angang Du,https://openalex.org/A5088792207,China,0,Affiliated with one country,Started and Ended in China,,,,,,,,,,,,,,,,,,,,,,,,,,,,,,,,,,,,,,,,China,,China,,China,,,,
Ao Wang,https://openalex.org/A5086294753,China,0,Affiliated with one country,Started and Ended in China,,,,,,,,,,,,,,,,,,,,,,,,,,,,,,China,China,China,China,,,,China,China,,,China,,China,China,China,China,China,China
Arif Ahmad,https://openalex.org/A5087840805,United States,1,Affiliated with one country,Started and Ended in United States,,,,,,,,,,,,,,,,,,,,,,,,,,,,,,,,,,,,,,,,,,,,,United States,,,
Benfeng Yin,https://openalex.org/A5066603705,China,0,Affiliated with one country,Started and Ended in China,,,,,,,,,,,,,,,China,China,,China,China,,,,,China,,,,,,,,,,,China,,China,China,China,,China,China,China,China,China,China,China,China
Benhao Huang,https://openalex.org/A5101298780,United States,1,Affiliated with one country,Started and Ended in United States,,,,,,,,,,,,,,,,,,,,,,,,,,,,,,,,,,,,,,,,,,,,,,,United States,
Biao Qu,https://openalex.org/A5036516823,United States ---> United Kingdom ---> China,1,Multinational Travel ---> China,"Started in United States, Ended up in China",,,,,,,,,,,,,,,United States,,,,United Kingdom,,,,,China,China,,China,China,China,China,China,China,,China,China,China,China,China,China,China,China,China,China,China,China,China,China,
Binglin Zhou,https://openalex.org/A5111623070,China,0,Affiliated with one country,Started and Ended in China,,,,,,China,China,,China,,,,,,,,,,,,,,,,,,,,,,China,,,,,,,,,,,China,China,China,China,China,China,
Bofei Gao,https://openalex.org/A5002310167,China,0,Affiliated with one country,Started and Ended in China,,,,,,,,,,,,,,,,,,,,,,,,,,,,,,,,,,,,,,,,,,,,,China,,China,
Bowei Xing,https://openalex.org/A5028438544,China,0,Affiliated with one country,Started and Ended in China,,,,,,,,,,,,,,,,,,,,,,,,,,,,,,,,,,,,,,,,,,,,China,China,China,China,
Bowen Wang,https://openalex.org/A5100412535,Sweden ---> China ---> United States ---> China,1,Multinational Travel ---> China,"Started in Sweden, Ended up in China",,,,,,,,,,,,,,,,,,,,,,,,,,,,,,Sweden,,,,China,,China,,China,China,China,China,China,United States,China,China,China,China,China
C. H. Jiang,https://openalex.org/A5106306615,China,0,Affiliated with one country,Started and Ended in China,,,,,,,,,,,,,,,,,,,,,,,,,,,,,,,,,,China,China,,China,,,,China,China,,,,,China,
C. H. Li,https://openalex.org/A5124970746,China,0,Affiliated with one country,Started and Ended in China,,,,,,,,,,,,,,,,,,,,,,,,,,,,,,,,,,,,,,,,,,,,,,,,China
C.A. Tang,https://openalex.org/A5053078202,China ---> United Kingdom ---> China ---> Mexico,0,Multinational Travel ---> Mexico,"Started in China, Ended up in Mexico",,,,,,,,,,,,,,,,,,,,China,China,China,China,China,China,China,China,China,China,China,China,China,China,China,China,China,China,China,China,China,China,China,China,United Kingdom,United Kingdom,United Kingdom,China,Mexico
Chaoran Tian,https://openalex.org/A5085432390,China,0,Affiliated with one country,Started and Ended in China,,,,,,,,,,,,,,,,,,,,,,,,,,,,,,,,,,,,,,,,,China,,China,,China,,,
Cheng Chen,https://openalex.org/A5064269942,United Kingdom ---> China ---> United Kingdom ---> China ---> United Kingdom ---> China ---> United Kingdom ---> China,0,Multinational Travel ---> China,"Started in United Kingdom, Ended up in China",,,,,,,,,,,,,,,,United Kingdom,,,,,,,,,United Kingdom,,,,,,,,,,,,China,United Kingdom,United Kingdom,China,United Kingdom,United Kingdom,United Kingdom,China,United Kingdom,,China,
Cheng Li,https://openalex.org/A5100354298,United States ---> Taiwan ---> China ---> United States ---> United Kingdom ---> China ---> United States ---> China,6,Multinational Travel ---> China,"Started in United States, Ended up in China",,,,,,,,,,,,,,,,,,,,United States,,United States,Taiwan,China,,United States,United States,United States,United Kingdom,China,China,China,United States,China,China,China,China,China,China,China,China,China,China,China,China,China,China,
Cheng Liu,https://openalex.org/A5124963139,China,0,Affiliated with one country,Started and Ended in China,,,,,,,,,,,,,,,,,,,,,,,,,,,,,,,,,,,,,,,,,,,,,,,,China
Chengde Liao,https://openalex.org/A5041295761,United States ---> China ---> United States ---> China ---> United States ---> China,3,Multinational Travel ---> China,"Started in United States, Ended up in China",,,,United States,,,,,,,,,,,,,,,,,,,,,,,,,China,,,China,China,China,,,China,China,China,United States,China,United States,China,China,China,China,China,
Chenguang Zhao,https://openalex.org/A5101939842,China ---> United Kingdom ---> China,0,Multinational Travel ---> China,Started and Ended in China (with travel in between),,,,,,,,,,,,,,,,,,,,,,,,,,,,,,,,China,China,China,China,,,,,China,China,China,,,United Kingdom,China,China,
Chengzhen Yu,https://openalex.org/A5123765903,China,0,Affiliated with one country,Started and Ended in China,,,,,,,,,,,,,,,,,,,,,,,,,,,,,,,,,,,,,,,,,,,,,,,,China
Chenjun Xiao,https://openalex.org/A5026521600,China ---> Canada ---> China ---> Sweden ---> Hong Kong,0,Multinational Travel ---> Hong Kong,"Started in China, Ended up in Hong Kong",,,,,,,,,,,,,,,,,,,,,,,,,,,,,,,,,,China,,China,China,Canada,Canada,Canada,Canada,Canada,Canada,China,,Sweden,Hong Kong,
Chenlin Zhang,https://openalex.org/A5103265154,China,0,Affiliated with one country,Started and Ended in China,,,,,,,,,,,,,,,,,,,,,,,,,,,,,,,,,,,,,China,,China,,China,China,China,China,China,China,China,
Chenyu Liu,https://openalex.org/A5124951517,China,0,Affiliated with one country,Started and Ended in China,,,,,,,,,,,,,,,,,,,,,,,,,,,,,,,,,,,,,,,,,,,,,,,,China
Chenzhuang Du,https://openalex.org/A5044355459,China,0,Affiliated with one country,Started and Ended in China,,,,,,,,,,,,,,,,,,,,,,,,,,,,,,,,,,,,,,,,,,China,,China,,,,
Chuan Wen,https://openalex.org/A5101053077,Taiwan ---> China ---> Australia ---> China ---> Belgium ---> China ---> Belgium,0,Multinational Travel ---> Belgium,"Started in Taiwan, Ended up in Belgium",,,,,,,,,,,,,,,,,,,,,Taiwan,,,,,,China,China,Australia,,,,China,China,China,,China,,,,China,China,China,China,Belgium,China,Belgium,
Chuning Tang,https://openalex.org/A5020781967,China,0,Affiliated with one country,Started and Ended in China,,,,,,,,,,,,,,,,,,,,,,,,,,,,,,,,,,,,,,,,,,,China,,,,,
Cong Zeng,https://openalex.org/A5078779392,China ---> Portugal ---> New Zealand ---> China ---> New Zealand ---> China,0,Multinational Travel ---> China,Started and Ended in China (with travel in between),,,,,,,,,,,,,,,,,,,,,,,,,,,,,China,,,,China,Portugal,New Zealand,New Zealand,China,New Zealand,China,China,China,China,China,China,China,China,China,
Congcong Wang,https://openalex.org/A5111099880,China,0,Affiliated with one country,Started and Ended in China,,,,,,,,,,,,,,,,,,,,,,,,,,,,,,,,,,,,,,,,,,,,,China,,China,
Dan Du,https://openalex.org/A5079462468,Taiwan ---> France ---> China ---> Japan ---> China ---> United States ---> China ---> United States ---> China ---> United States ---> China,3,Multinational Travel ---> China,"Started in Taiwan, Ended up in China",,,,,,,,,,,,,,Taiwan,,France,,,China,Japan,,,,China,China,China,China,China,China,China,China,China,China,China,United States,China,China,United States,China,China,China,China,China,China,China,United States,China,China
Dehao Zhang,https://openalex.org/A5046162247,China,0,Affiliated with one country,Started and Ended in China,,,,,,,,,,,,,,,,,,,,,,,,,,,,,,,,,,,,,,,,,,,,,,,China,
Dinglu Wang,https://openalex.org/A5020652467,China,0,Affiliated with one country,Started and Ended in China,,,,,,,,,,,,,,,,,,,,,,,,,,,,,,,,,,,,,,,,China,,,,,,,,
Dongliang Wang,https://openalex.org/A5100689748,China ---> United States ---> Singapore ---> United States ---> China ---> Singapore ---> China,2,Multinational Travel ---> China,Started and Ended in China (with travel in between),,,,,,,,,,,,,China,,United States,,Singapore,United States,China,Singapore,Singapore,Singapore,,Singapore,China,China,,China,China,China,China,China,China,China,China,China,China,China,China,China,China,China,China,China,China,China,China,
Dongxu Yang,https://openalex.org/A5020861489,China ---> United States ---> China,7,Multinational Travel ---> China,Started and Ended in China (with travel in between),,,,,,China,,,,,,,,,,,,,,,,,,,,,,,,China,China,China,China,China,,China,China,China,China,United States,United States,United States,United States,United States,United States,United States,China,
E.C. Ma,https://openalex.org/A5108560591,China,0,Affiliated with one country,Started and Ended in China,,,,,,,,,,,,,,,,,,,,,,,China,,China,,,,,,,,,,,,,,,,,,,,,China,China,
Enming Yuan,https://openalex.org/A5073001520,China,0,Affiliated with one country,Started and Ended in China,,,,,,,,,,,,,,,,,,,,,,,,,,,,,,,,,,,,,,,,,,China,China,China,China,China,,
Enzhe Lu,https://openalex.org/A5049660040,China,0,Affiliated with one country,Started and Ended in China,,,,,,,,,,,,,,,,,,,,,,,,,,,,China,,,,,,,,,,,,,,,,,,,,
Eric P. Xing,https://openalex.org/A5009547049,United States ---> China ---> United States ---> China ---> United States,24,Multinational Travel ---> United States,Started and Ended in United States (with travel in between),,,,,,,,,,,,,,,,,,,,,,United States,United States,United States,,United States,United States,United States,United States,United States,United States,United States,United States,United States,United States,United States,United States,United States,United States,United States,United States,China,United States,United States,United States,United States,China,United States
Fang Li,https://openalex.org/A5020047491,Taiwan ---> China ---> Switzerland ---> China ---> Mexico ---> China ---> Mexico ---> China,0,Multinational Travel ---> China,"Started in Taiwan, Ended up in China",,,,,,,,,,,,Taiwan,,,,,,,,,China,,China,China,,China,China,China,China,China,Switzerland,China,Mexico,China,China,China,China,China,Mexico,China,China,China,China,China,China,China,China,
Feng Wang,https://openalex.org/A5124890131,China,0,Affiliated with one country,Started and Ended in China,,,,,,,,,,,,,,,,,,,,,,,,,,,,,,,,,,,,,,,,,,,,,,,,China
Fengxiang Tang,https://openalex.org/A5016863879,China,0,Affiliated with one country,Started and Ended in China,,,,,,,,,,,,,,,,,,,,,,,,,,,,China,China,China,,,China,China,China,China,China,China,China,China,China,China,,China,China,China,China,
Flood Sung,https://openalex.org/A5065232789,United Kingdom,0,Affiliated with one country,Started and Ended in United Kingdom,,,,,,,,,,,,,,,,,,,,,,,,,,,,,,,,,,,,,,,,United Kingdom,,,,,,,,
Gang Wei,https://openalex.org/A5100367486,China,0,Affiliated with one country,Started and Ended in China,,,,,,,,,,,,,,China,,,,,China,China,China,China,China,China,China,China,China,China,China,China,China,China,China,China,China,China,China,China,China,China,China,China,,China,China,China,China,China
Guangyi Liu,https://openalex.org/A5100737333,China ---> Canada ---> China ---> Canada ---> China ---> United States ---> China,1,Multinational Travel ---> China,Started and Ended in China (with travel in between),,,,,,,,,,,,,,,,,,,,,,,,,,,China,China,China,China,China,China,Canada,Canada,China,China,China,Canada,China,China,China,China,China,China,United States,China,China,
Guanyu Li,https://openalex.org/A5124917854,China,0,Affiliated with one country,Started and Ended in China,,,,,,,,,,,,,,,,,,,,,,,,,,,,,,,,,,,,,,,,,,,,,,,,China
Guokun Lai,https://openalex.org/A5015579277,China ---> United States,4,Multinational Travel ---> United States,"Started in China, Ended up in United States",,,,,,,,,,,,,,,,,,,,,,,,,,,,,,,,,,,,China,China,,United States,United States,United States,United States,,,,,,
H. Q. Lu,https://openalex.org/A5083840550,China ---> Thailand ---> China ---> United States ---> Finland,1,Multinational Travel ---> Finland,"Started in China, Ended up in Finland",,,,,,,,,,,,,,,,,,,,,,,,,,,,,,China,China,,,China,,China,China,China,China,China,China,China,Thailand,China,China,United States,Finland,
H. W. Zhao,https://openalex.org/A5107832792,Taiwan ---> China ---> Japan ---> China ---> United States ---> Norway ---> United States ---> China ---> United States ---> China,10,Multinational Travel ---> China,"Started in Taiwan, Ended up in China",,,,,,,,,,,,Taiwan,,,,,,China,,China,China,,Japan,China,United States,United States,United States,United States,United States,United States,Norway,United States,,,,United States,,,,United States,,China,,,United States,China,China,
Haiqing Guo,https://openalex.org/A5065155216,Japan ---> China ---> Japan ---> China ---> Japan ---> China ---> United States ---> Japan ---> China,3,Multinational Travel ---> China,"Started in Japan, Ended up in China",,,,,,,,,,,,,,,,,,Japan,Japan,,China,China,China,China,,Japan,China,Japan,Japan,China,China,China,China,China,United States,,United States,United States,Japan,Japan,Japan,,,,China,China,China,
Han Zhu,https://openalex.org/A5009970981,China,0,Affiliated with one country,Started and Ended in China,,,,,,,,,,,,,,,,,,,,,,,,,,,,,,,,,,,,,,,,,,,,China,China,China,China,China
Hanyun Ren,https://openalex.org/A5101932492,China ---> Australia ---> China,0,Multinational Travel ---> China,Started and Ended in China (with travel in between),,,,,,,,,,,,,China,,,,,,,,,,China,,China,China,,China,,China,China,China,,China,China,China,Australia,China,China,China,China,China,China,China,China,China,China,China
Hao Ding,https://openalex.org/A5005056208,China ---> Norway ---> China,0,Multinational Travel ---> China,Started and Ended in China (with travel in between),,,,,,,,,,,,,,,,,,China,,,,,,,,Norway,Norway,Norway,Norway,,,,,China,China,China,China,China,,China,,China,,China,,China,China,
Hao Hu,https://openalex.org/A5084214981,Singapore ---> China ---> United States ---> China,1,Multinational Travel ---> China,"Started in Singapore, Ended up in China",,,,,,,,,,,,,,,,,,,,,,,Singapore,China,,,China,China,China,China,United States,China,China,China,China,China,China,China,China,China,China,China,China,China,China,China,China,
Hao Yang,https://openalex.org/A5101457978,China ---> United States ---> China ---> United States ---> China,3,Multinational Travel ---> China,Started and Ended in China (with travel in between),,,,,,,,,,,,,,,,,,,,,,,,,,China,United States,,,,,,China,China,China,China,China,China,China,China,China,United States,United States,China,China,China,China,China
Hao Zhang,https://openalex.org/A5100732538,United States ---> United Kingdom ---> China,1,Multinational Travel ---> China,"Started in United States, Ended up in China",,,,,,,,,,,,,,,,,,,,,,,United States,United Kingdom,,,,China,China,China,China,China,China,China,China,,China,China,China,China,China,China,China,China,China,China,China,
Hao-Tsung Yang,https://openalex.org/A5060610248,China ---> Taiwan ---> China ---> United States ---> United Kingdom ---> Taiwan ---> China ---> Malaysia,3,Multinational Travel ---> Malaysia,"Started in China, Ended up in Malaysia",,,,,,,,,,,,,,,,,,,,,,,,,,,,,,,,,,,China,,Taiwan,China,United States,,United States,,United States,United Kingdom,Taiwan,China,Malaysia,
Haoning Wu,https://openalex.org/A5039135087,China ---> Singapore,0,Multinational Travel ---> Singapore,"Started in China, Ended up in Singapore",,,,,,,,,,,,,,,,,,,,,,,,,,,,,,,,,,,,,,,,,,,,China,China,China,China,Singapore
Haotian Yao,https://openalex.org/A5071838616,China ---> Canada ---> China,0,Multinational Travel ---> China,Started and Ended in China (with travel in between),,,,,,,,,,,,,,,,,,,,,,,,,,,,,,,,,,,,,,,,,,China,China,China,China,China,Canada,China
Haoyu Lu,https://openalex.org/A5110986785,China,0,Affiliated with one country,Started and Ended in China,,,,,,,,,,,,,,,,,,,,,,,,,,,,,,,,,,,,,,China,,,,,,,China,China,China,
Haoze Li,https://openalex.org/A5008912573,China,0,Affiliated with one country,Started and Ended in China,,,,,,,,,,,,,,,,,,,,,,,,,,,,,,,,,,,China,China,China,China,China,,China,China,China,China,China,China,China,
Haozhen Yu,https://openalex.org/A5022218311,China,0,Affiliated with one country,Started and Ended in China,,,,,,,,,,,,,,,,,,,,,,,,,,,,,,,,,,,,,,,,,,,,China,China,,China,
Heng Wang,https://openalex.org/A5100453945,China ---> The Netherlands ---> China,0,Multinational Travel ---> China,Started and Ended in China (with travel in between),,,,,,,,,,,,,,,,,,,,,,,,,,,,,,,,,,,China,China,China,China,The Netherlands,China,China,China,China,China,China,China,China,
Hongcheng Gao,https://openalex.org/A5110370692,China ---> Hong Kong ---> China,0,Multinational Travel ---> China,Started and Ended in China (with travel in between),,,,,,,China,,China,China,,,,China,,China,,,,,,China,Hong Kong,China,China,China,China,China,China,China,China,China,,,,,,,,China,China,China,,China,,China,,
Hongjin Su,https://openalex.org/A5019018962,China ---> Hong Kong,0,Multinational Travel ---> Hong Kong,"Started in China, Ended up in Hong Kong",,,,,,,,,,,,,,,,,,,,,,,,,,,,,,,,,,,,,,,,,,,China,,Hong Kong,,,
Hongzhang Liu,https://openalex.org/A5091109818,China,0,Affiliated with one country,Started and Ended in China,,,,,,,,,,,,,,,,,,,,,,,,,,,,,,,,,,,,,,,,,,,China,,,,,
Hoon-Churl Kang,https://openalex.org/A5083539676,South Korea,0,Affiliated with one country,Started and Ended in South Korea,,,,,,,,,,,,,,,,,,,,,,,,,,,South Korea,,,,,,,,,,,,,,,,,,,,,
Huabin Zheng,https://openalex.org/A5111649512,China,0,Affiliated with one country,Started and Ended in China,,,,,,,,,,,,,,,,,,,,,,,,,,,,,,,,,,,,,,,,,,,,China,,,,
Huajian Xin,https://openalex.org/A5111038333,China,0,Affiliated with one country,Started and Ended in China,,,,,,,,,,,,,,,,,,,,,,,,,,,,,,,,,,,,,,,,,,,,,,China,,China
Huan Yuan,https://openalex.org/A5035054412,China,0,Affiliated with one country,Started and Ended in China,,,,,,,,,,,,,,,,,,,,,,,,,,,,,,,,,,,,,China,,,,,,,China,China,China,China,
Hui Wang,https://openalex.org/A5124903096,Australia,0,Affiliated with one country,Started and Ended in Australia,,,,,,,,,,,,,,,,,,,,,,,,,,,,,,,,,,,,,,,,,,,,,,,,Australia
Huiqun Hao,https://openalex.org/A5053106097,China,0,Affiliated with one country,Started and Ended in China,,,,,,,,,,,,,,,,,,,,,,,,,,,,,,,,,China,,China,,,China,China,,China,China,,,China,,,
J. -Z. Zhuang,https://openalex.org/A5074311785,China,0,Affiliated with one country,Started and Ended in China,,,,,,,,,,,,,,,,,,,,,,,,,,,,,,,,,,,,,,,,,,,,,China,,China,
J. Chen,https://openalex.org/A5113207328,United States ---> China,1,Multinational Travel ---> China,"Started in United States, Ended up in China",,,,,,,,,,,,,United States,,,,,,,,,,,China,,,,China,China,,China,,China,China,China,China,China,China,China,China,China,,,China,,China,China,
J. Zhao,https://openalex.org/A5070851446,United Kingdom ---> Canada ---> China ---> United Kingdom ---> Canada ---> United States ---> Switzerland ---> China ---> United Kingdom ---> Hungary ---> China ---> United Kingdom ---> China ---> France ---> India ---> China ---> Taiwan ---> China,2,Multinational Travel ---> China,"Started in United Kingdom, Ended up in China",,,,,,,,,,,,United Kingdom,Canada,,Canada,,Canada,China,United Kingdom,Canada,United States,United States,Switzerland,China,United Kingdom,Hungary,China,United Kingdom,China,China,China,France,India,China,China,China,China,China,China,China,China,Taiwan,Taiwan,Taiwan,China,China,China,China
Jia Chen,https://openalex.org/A5100416018,United States ---> China ---> United Kingdom ---> China ---> United States ---> China ---> United Kingdom ---> China,2,Multinational Travel ---> China,"Started in United States, Ended up in China",,,,,,,,,,,,,,,,,,,,,United States,,,,,,China,United Kingdom,,United Kingdom,China,China,China,China,China,China,China,China,United States,China,United Kingdom,China,China,China,China,China,China,
Jia Li,https://openalex.org/A5124899728,China,0,Affiliated with one country,Started and Ended in China,,,,,,,,,,,,,,,,,,,,,,,,,,,,,,,,,,,,,,,,,,,,,,,,China
Jiahao Chen,https://openalex.org/A5124921997,China,0,Affiliated with one country,Started and Ended in China,,,,,,,,,,,,,,,,,,,,,,,,,,,,,,,,,,,,,,,,,,,,,,,,China
Jiahao Wang,https://openalex.org/A5124896701,China,0,Affiliated with one country,Started and Ended in China,,,,,,,,,,,,,,,,,,,,,,,,,,,,,,,,,,,,,,,,,,,,,,,,China
Jiaming Li,https://openalex.org/A5100326742,China ---> Australia ---> China,0,Multinational Travel ---> China,Started and Ended in China (with travel in between),,,,,,,,,,,,,,,,,,,,,,,,,,,,,,,China,,,,,China,China,China,China,China,China,China,China,Australia,China,China,China,
Jianhang Guo,https://openalex.org/A5041543400,China,0,Affiliated with one country,Started and Ended in China,,,,,,,,,,,,,,,,,,,,,,,,,,,,,,,,,,,,,,China,,,China,,China,China,China,China,,
Jianlin Su,https://openalex.org/A5078222384,Taiwan ---> China,0,Multinational Travel ---> China,"Started in Taiwan, Ended up in China",,,,,,,,,,,,,Taiwan,,,,,,,,,,,,,,,,,,,,,,,,,,,China,China,China,China,,,China,China,China
Jiannan Xiang,https://openalex.org/A5100562747,United States,1,Affiliated with one country,Started and Ended in United States,,,,,,,,,,,,,,,,,,,,,,,,,,,,,,,,,,,,,,,,,,,,United States,,,,
Jianzhou Wang,https://openalex.org/A5044720245,United States ---> China ---> United States ---> China,14,Multinational Travel ---> China,"Started in United States, Ended up in China",,,,,,,,,,,,,United States,United States,United States,,United States,,,United States,,United States,United States,United States,United States,United States,United States,United States,United States,China,United States,China,China,China,,China,China,China,China,China,China,China,China,China,China,China,China,
Jiaqi Deng,https://openalex.org/A5062194013,China ---> Malaysia ---> China ---> United Kingdom,0,Multinational Travel ---> United Kingdom,"Started in China, Ended up in United Kingdom",,,,,,,,,,,,,,,,,,,,,,,,,,,,,,,,,,,,China,,China,China,China,China,China,,Malaysia,China,China,United Kingdom,
Jiaxi Hu,https://openalex.org/A5100953811,China,0,Affiliated with one country,Started and Ended in China,,,,,,,,,,,,,,,,,,,,,,,,,,,,,,,,,,,,,,,,,,,China,,China,China,,
Jiezhong Qiu,https://openalex.org/A5083333630,China,0,Affiliated with one country,Started and Ended in China,,,,,,,,,,,,,,,,,,,,,,,,,,,,,,,,,,,,China,China,China,China,China,China,China,China,China,China,China,China,
Jin Xie,https://openalex.org/A5035415865,China ---> United States ---> China,1,Multinational Travel ---> China,Started and Ended in China (with travel in between),,,,,,,,,,,,,,,,,,,,,,,,,,,,,,,,,,,,,,,,China,China,China,China,,United States,China,China,
Jin Zhang,https://openalex.org/A5050008040,Italy ---> United States ---> China ---> India ---> United States ---> China ---> United States ---> China,5,Multinational Travel ---> China,"Started in Italy, Ended up in China",,,,,,,,,,,,,,,,,,,,,,,,,Italy,,United States,,United States,China,China,China,China,China,China,China,India,United States,China,China,China,China,China,United States,United States,China,China,China
Jingwei Li,https://openalex.org/A5124917492,Germany,0,Affiliated with one country,Started and Ended in Germany,,,,,,,,,,,,,,,,,,,,,,,,,,,,,,,,,,,,,,,,,,,,,,,,Germany
Jinhong Wang,https://openalex.org/A5100775334,China ---> United Kingdom ---> China ---> United Kingdom ---> China ---> United Kingdom ---> China,0,Multinational Travel ---> China,Started and Ended in China (with travel in between),,,,,,,,,,,,,,,,,,,,,,,,,China,China,China,China,United Kingdom,United Kingdom,United Kingdom,,,,United Kingdom,China,United Kingdom,,United Kingdom,United Kingdom,China,China,China,United Kingdom,China,China,China,
Jinsong Sun,https://openalex.org/A5100974367,China,0,Affiliated with one country,Started and Ended in China,,,,,,,,,,,,,,,,,,,,,,,,,,,,,,,,China,,,,,China,,,,China,,China,,China,China,China,China
Jinxiang Zhao,https://openalex.org/A5072286246,China,0,Affiliated with one country,Started and Ended in China,,,,,,,,,,,,,,,,,,,,,,,,,,,,,,,,,,,,,,,,,,,,China,,,China,
Jun Chen,https://openalex.org/A5124938835,China,0,Affiliated with one country,Started and Ended in China,,,,,,,,,,,,,,,,,,,,,,,,,,,,,,,,,,,,,,,,,,,,,,,,China
Junjie Yan,https://openalex.org/A5028565054,Canada ---> China,0,Multinational Travel ---> China,"Started in Canada, Ended up in China",,,,,,,,,,,,,,,,,,,,,,,,,,,,,Canada,,,,China,,,,,China,,China,,,,,,China,China,
Junming Liu,https://openalex.org/A5102863611,China ---> United States ---> China ---> United States ---> China ---> Hong Kong ---> China,2,Multinational Travel ---> China,Started and Ended in China (with travel in between),,,,,,,,,,,,,,,,,,,,,,,,,,,,China,China,China,,,China,China,United States,China,United States,China,China,China,China,Hong Kong,China,China,China,China,China,China
Junyan Wu,https://openalex.org/A5081194865,China ---> Bulgaria ---> China,0,Multinational Travel ---> China,Started and Ended in China (with travel in between),,,,,,,,,,,,,,,,,,,,,,,,,,,,,,,,China,Bulgaria,,,,China,,,China,,,,China,,China,China,
Kezhu Tao,https://openalex.org/A5038315013,China,0,Affiliated with one country,Started and Ended in China,,,,,,,,,,,,,,,,,,,,,,,,,,,,,,,,,,,,,,,,,China,,,,,,,
Kun Ouyang,https://openalex.org/A5070457360,China,0,Affiliated with one country,Started and Ended in China,,,,,,,,,,,,,,,,,,,,,,,,,,,,,,,,,,,,,,,,,,,,,China,China,China,
Kun Zhou,https://openalex.org/A5009156729,China,0,Affiliated with one country,Started and Ended in China,,,,,,,,,,,,,,,,,,,,,,,,,,,,,,,China,,China,,,,China,,China,China,China,China,China,China,China,China,China,
Li Yang,https://openalex.org/A5100460352,China ---> United Kingdom ---> China ---> United Kingdom ---> China ---> Portugal ---> China ---> Canada ---> China,0,Multinational Travel ---> China,Started and Ended in China (with travel in between),,,,,,,,,,,,,,,,,,,,,,,,,,,,,China,,United Kingdom,China,United Kingdom,China,China,China,China,China,Portugal,China,China,China,China,Canada,China,China,China,China
Liang Chen,https://openalex.org/A5100604810,China ---> Canada ---> China,0,Multinational Travel ---> China,Started and Ended in China (with travel in between),,,,,,,,,,,,,,,,,,,,,,,,,,,China,China,,China,Canada,China,China,China,China,China,China,China,China,,China,China,China,China,China,China,China,
Liang Liu,https://openalex.org/A5124893062,China,0,Affiliated with one country,Started and Ended in China,,,,,,,,,,,,,,,,,,,,,,,,,,,,,,,,,,,,,,,,,,,,,,,,China
Lidong Shi,https://openalex.org/A5054466125,China,0,Affiliated with one country,Started and Ended in China,,,,,,,,,,,,,,,,,,,,,,,,,,,,,,,,,,,,,,China,,,,China,China,China,China,China,,
Lin Xu,https://openalex.org/A5124933277,China,0,Affiliated with one country,Started and Ended in China,,,,,,,,,,,,,,,,,,,,,,,,,,,,,,,,,,,,,,,,,,,,,,,,China
Lincan Li,https://openalex.org/A5005362290,China ---> Australia ---> United States,1,Multinational Travel ---> United States,"Started in China, Ended up in United States",,,,,,,,,,,,,,,,,,,,,,,,,,,,,,,,,,,,,,,,,China,,China,China,China,Australia,United States,
Ling Ye,https://openalex.org/A5100646452,United States ---> China ---> The Netherlands ---> Taiwan ---> United States ---> China ---> United States ---> China ---> United States ---> China ---> South Korea ---> Malaysia ---> China,6,Multinational Travel ---> China,"Started in United States, Ended up in China",,,,,,,,,,,,United States,,,United States,,,,China,,The Netherlands,,The Netherlands,Taiwan,United States,United States,China,China,China,China,China,United States,China,China,United States,China,China,China,China,China,China,China,China,China,South Korea,Malaysia,China,China
Lingxiao Du,https://openalex.org/A5101102405,China ---> United States ---> China,1,Multinational Travel ---> China,Started and Ended in China (with travel in between),,,,,,,,,,,,,,,,,,,,,,,,,,,,,,,,,,,,,,,,,,China,,United States,,China,China,
Longhui Yu,https://openalex.org/A5049419584,China ---> Hong Kong ---> China,0,Multinational Travel ---> China,Started and Ended in China (with travel in between),,,,,,,,,,,,,,,,,,,,,,,,,,,,,,,,,,,,,,,China,China,China,China,China,China,China,Hong Kong,China,
Longyu Guan,https://openalex.org/A5054940641,Malaysia,0,Affiliated with one country,Started and Ended in Malaysia,,,,,,,,,,,,,,,,,,,,,,,Malaysia,,,,,,,,,,,,,,,,,,,,,,,,,
Mengfan Dong,https://openalex.org/A5072164184,China,0,Affiliated with one country,Started and Ended in China,,,,,,,,,,,,,,,,,,,,,,,,,,,,,,,,,,,,,,,,,,,,China,,,,
Mengjiao Dong,https://openalex.org/A5078616374,China,0,Affiliated with one country,Started and Ended in China,,,,,,,,,,,,,,,,,,,,,,,,,,,,,,,,,,,,,,,,,,,,China,China,China,China,
Mi Deng,https://openalex.org/A5043502860,China ---> United States ---> China ---> United States,17,Multinational Travel ---> United States,"Started in China, Ended up in United States",,,,,,,,,,,,,,,,,,,,,,,,,,,China,China,China,United States,United States,United States,United States,United States,United States,United States,United States,United States,United States,United States,United States,United States,United States,United States,United States,China,United States,
Ming Wei,https://openalex.org/A5124952309,China,0,Affiliated with one country,Started and Ended in China,,,,,,,,,,,,,,,,,,,,,,,,,,,,,,,,,,,,,,,,,,,,,,,,China
Minghan Chu,https://openalex.org/A5044044126,Canada ---> United Kingdom ---> United States,1,Multinational Travel ---> United States,"Started in Canada, Ended up in United States",,,,,,,,,,,,,,,,,,,,,,,,,,,,,,,,,,,,,,,,,Canada,,,Canada,,United Kingdom,United States,
Mo Li,https://openalex.org/A5124926817,China,0,Affiliated with one country,Started and Ended in China,,,,,,,,,,,,,,,,,,,,,,,,,,,,,,,,,,,,,,,,,,,,,,,,China
Muxi Diao,https://openalex.org/A5101392976,China,0,Affiliated with one country,Started and Ended in China,,,,,,,,,,,,,,,,,,,,,,,,,,,,,,,,,,,,,,,,,,,,,,,,China
Nan Zhang,https://openalex.org/A5100721031,China ---> United States ---> China ---> Belgium ---> China ---> South Korea ---> China,1,Multinational Travel ---> China,Started and Ended in China (with travel in between),,,,,,,,,,,,,,,,,,,,,,,China,China,China,China,China,China,China,United States,China,Belgium,China,South Korea,China,China,China,China,China,China,China,China,China,China,China,China,China,
Ningchen Ma,https://openalex.org/A5053664623,China,0,Affiliated with one country,Started and Ended in China,,,,,,,,,,,,,,,,,,,,,,,,,,,,,,,,,,,,,,,,,,,China,,,,,
Nuo Xu,https://openalex.org/A5101486827,China,0,Affiliated with one country,Started and Ended in China,,,,,,,,,,,,,,,,,,,,,,,,,,,,,,,,,,,China,,,,China,China,China,China,China,China,China,China,China,
Pengfei Tian,https://openalex.org/A5107169969,China,0,Affiliated with one country,Started and Ended in China,,,,,,,,,,,,,,,,,,,,,,,,,,,,,,,,,,,,China,,,,,,,,,China,China,,
Pengyu Cheng,https://openalex.org/A5110618868,United States ---> China,1,Multinational Travel ---> China,"Started in United States, Ended up in China",,,,,,,,,,,,,,,,,,,,,,,,,,United States,,,,,,,,,,,China,,China,China,,,,,China,,China,
Qiao Zhang,https://openalex.org/A5101754074,China,0,Affiliated with one country,Started and Ended in China,,,,,,,,,,,,,,,,,,,,,,,,,,,,China,,China,China,China,,China,China,China,China,China,China,China,China,China,China,China,China,China,China,China
Qing Gu,https://openalex.org/A5110367975,China ---> United States ---> China ---> Germany ---> China,1,Multinational Travel ---> China,Started and Ended in China (with travel in between),,,,,,,,,,,,,,,,,,,,China,,China,,,,,,China,,United States,China,China,China,China,China,Germany,China,China,China,China,China,China,China,China,China,China,China,
Qiulin Feng,https://openalex.org/A5113599969,China,0,Affiliated with one country,Started and Ended in China,,,,,,,,,,,,,,,,,,,,,,,,,,,,,,,,,,,,China,,,,,,,,,,,,
Qiwei Pan,https://openalex.org/A5046824756,United Kingdom ---> China ---> United States ---> China ---> United States ---> China,3,Multinational Travel ---> China,"Started in United Kingdom, Ended up in China",,,,,,,,,,,,,,,,United Kingdom,,,,United Kingdom,China,China,China,China,China,,China,China,China,China,China,China,China,China,China,China,United States,China,China,United States,United States,China,,China,China,,,China
Qiyue Gao,https://openalex.org/A5102148920,China,0,Affiliated with one country,Started and Ended in China,,,,,,,,,,,,,,,,,,,,,,,,,,,,,,,,,,,,,China,China,,,,,,China,China,China,China,
Qizheng Gu,https://openalex.org/A5036632185,United States ---> Singapore ---> United States ---> China,8,Multinational Travel ---> China,"Started in United States, Ended up in China",,,,,,,,United States,United States,,,,,United States,United States,United States,,,,,,,,,United States,United States,,,,,,,,Singapore,,United States,,,,,,China,,,,,China,
Qucheng Gong,https://openalex.org/A5052311554,Israel ---> United States,1,Multinational Travel ---> United States,"Started in Israel, Ended up in United States",,,,,,,,,,,,,,,,,,,,,,,,,,,,,,,,,,,,,,,Israel,Israel,Israel,United States,,,,,,
Rucong Wu,https://openalex.org/A5054978848,China,0,Affiliated with one country,Started and Ended in China,,,,,,,,,,,,,,,,,,,,,,,,,,,,,,,,,,,,,,,,,,,China,,,,,
Rui Zhang,https://openalex.org/A5124909476,China,0,Affiliated with one country,Started and Ended in China,,,,,,,,,,,,,,,,,,,,,,,,,,,,,,,,,,,,,,,,,,,,,,,,China
Ruihan Yang,https://openalex.org/A5114170123,China,0,Affiliated with one country,Started and Ended in China,,,,,,,,,,,,,,,,,,,,,,,,,,,,,,,,,,,,,,,,,,,,,,China,,
Ruihan Zheng,https://openalex.org/A5101386054,China,0,Affiliated with one country,Started and Ended in China,,,,,,,,,,,,,,,,,,,,,,,,,,,,,,,,,,,,,,,,,,,,,China,China,China,China
Ruijue Chen,https://openalex.org/A5025105486,China,0,Affiliated with one country,Started and Ended in China,,,,,,,,,,,,,,,,,,,,,,,,,,,,,,,,,,,,,,,,,,,,China,China,China,,China
Ruiyuan Huang,https://openalex.org/A5014540490,China,0,Affiliated with one country,Started and Ended in China,,,,,,,,,,,,,,,,,,,,,,,,,,,,,,,,,,,,,,,,,,,China,China,China,China,,China
Runjie Zhou,https://openalex.org/A5113209710,China,0,Affiliated with one country,Started and Ended in China,,,,,,,,,,,,,,,,,,,,,,,,,,,,,,,,,,,,,,,,,,,,,China,China,,
Ruobing Han,https://openalex.org/A5087522518,China ---> United Kingdom ---> China,0,Multinational Travel ---> China,Started and Ended in China (with travel in between),,,,,,,,,,,,,,,,,,,,,,,,,,,,,,,,,,,China,,China,,China,,China,China,China,China,,United Kingdom,China,
Ruoyu Qin,https://openalex.org/A5026524915,China,0,Affiliated with one country,Started and Ended in China,,,,,,,,,,,,,,,,,,,,,,,,,,,,,,,,,,,,,,,,,,,China,China,China,China,China,
Shaoguang Mao,https://openalex.org/A5052035563,China,0,Affiliated with one country,Started and Ended in China,,,,,,,,,,,,,,,,,,,,,,,,,,,,,,,,,,,,,,,China,China,China,China,China,China,China,China,China,
Shaojie Zheng,https://openalex.org/A5102023520,Japan ---> China,0,Multinational Travel ---> China,"Started in Japan, Ended up in China",,,,,,,,,,,,,,,,,,,,,,,,Japan,,,,,,,,,China,China,,,,,,China,China,,China,China,China,China,China,China
Shaowei Liu,https://openalex.org/A5102884727,China,0,Affiliated with one country,Started and Ended in China,,,,,,,,,,,,,,,,,,,,,,,,,,,,,,,,,,,,,,,,,,,,,,China,,
Shengling Ma,https://openalex.org/A5100634991,China ---> United States ---> China ---> United States,3,Multinational Travel ---> United States,"Started in China, Ended up in United States",,,,,,,,,,,,,,,,,,,,,,,,,,,,,,,,,,,,,,,,,,China,China,China,United States,United States,China,United States
Shifeng Cao,https://openalex.org/A5004321335,China ---> Australia ---> China,0,Multinational Travel ---> China,Started and Ended in China (with travel in between),,,,,,,,,,,,,,,,,,,,,,,,,,,,,China,China,China,China,China,China,China,China,China,China,,Australia,Australia,China,China,China,China,China,China,
Shuai Zhao,https://openalex.org/A5124912181,China,0,Affiliated with one country,Started and Ended in China,,,,,,,,,,,,,,,,,,,,,,,,,,,,,,,,,,,,,,,,,,,,,,,,China
Shupeng Wei,https://openalex.org/A5030311739,China ---> Switzerland,0,Multinational Travel ---> Switzerland,"Started in China, Ended up in Switzerland",,,,,,,,,,,,,,,,,,,,,,,,,,,,,,,China,,,,,,,,,,,Switzerland,Switzerland,,,,,
Shuyi Wang,https://openalex.org/A5103113484,China,0,Affiliated with one country,Started and Ended in China,,,,,,,,,,,,,,,,,,,,,,,,,,,,,,,,,,,,,,,,,,,,,China,,China,
Siying Huang,https://openalex.org/A5104280720,United States ---> Canada ---> China,4,Multinational Travel ---> China,"Started in United States, Ended up in China",,,,,,,,,,,,United States,,,,,,,,,,,,,,,,,,,,United States,United States,,United States,,Canada,,Canada,China,China,China,,China,China,China,China,China
Sui Lin,https://openalex.org/A5100525839,Canada ---> China ---> United States ---> China ---> United States ---> China ---> Canada ---> China,2,Multinational Travel ---> China,"Started in Canada, Ended up in China",,Canada,Canada,,Canada,Canada,,Canada,,,,Canada,,,,,,,,,,,Canada,Canada,Canada,Canada,,,Canada,Canada,Canada,,,,China,,United States,,China,,,,,United States,China,Canada,China,
Tao Jiang,https://openalex.org/A5100648261,United States ---> China ---> Germany,3,Multinational Travel ---> Germany,"Started in United States, Ended up in Germany",,,,,,,,,,,,,,,,,,United States,United States,,,,,,United States,China,China,China,,China,China,,China,China,China,China,China,China,China,China,China,China,China,China,China,China,Germany,
Tao Yu,https://openalex.org/A5100596110,China,0,Affiliated with one country,Started and Ended in China,,,,,,,,,,,,,,,,,,,,,,,,,,,,China,China,China,China,,,,,,,,,,,,,,China,China,China,
Tengyang Zheng,https://openalex.org/A5109688160,China,0,Affiliated with one country,Started and Ended in China,,,,,,,,,,,,,,,,,,,,,,,,,,,,,,,,,,,,,,,,,,,,,,China,,
Tianhui Song,https://openalex.org/A5091391590,China,0,Affiliated with one country,Started and Ended in China,,,,,,,,,,,,,,,,,,,,,,,,,,,,,,,,,,,,,,China,,China,,,,China,China,China,,
Tianwei Liu,https://openalex.org/A5124911787,China,0,Affiliated with one country,Started and Ended in China,,,,,,,,,,,,,,,,,,,,,,,,,,,,,,,,,,,,,,,,,,,,,,,,China
Tianxiao Shen,https://openalex.org/A5006131913,China ---> United States ---> China,4,Multinational Travel ---> China,Started and Ended in China (with travel in between),,,,,,,,,,,,,,,,,,,,,,,,,,,,,,,,,,,,,,China,United States,,United States,United States,,United States,China,,,
Tongtong Bai,https://openalex.org/A5075487596,China,0,Affiliated with one country,Started and Ended in China,,,,,,,,,,,,,,,,,,,,,,,,,,,,,,,,,,,,,,,,,,,China,China,,China,,
Tongyu Sun,https://openalex.org/A5124970229,China,0,Affiliated with one country,Started and Ended in China,,,,,,,,,,,,,,,,,,,,,,,,,,,,,,,,,,,,,,,,,,,,,,,,China
W. He,https://openalex.org/A5014305191,United States ---> United Kingdom ---> United States ---> China ---> United States ---> China ---> United States ---> China,7,Multinational Travel ---> China,"Started in United States, Ended up in China",,,,,,,,,,,,,,,,,,,,,,,,,,,,United States,United Kingdom,United States,United States,United States,,,,China,,China,China,China,,United States,China,United States,United States,China,China,
Wei Chu,https://openalex.org/A5101781459,China ---> United States ---> China ---> Saudi Arabia ---> China ---> United States ---> China,2,Multinational Travel ---> China,Started and Ended in China (with travel in between),,,,,,,,,,China,United States,,,China,,China,China,,China,China,China,China,China,China,China,China,China,China,China,China,China,China,China,China,Saudi Arabia,China,China,China,United States,China,China,China,China,China,China,China,China,
Wei J. Wang,https://openalex.org/A5124896764,China,0,Affiliated with one country,Started and Ended in China,,,,,,,,,,,,,,,,,,,,,,,,,,,,,,,,,,,,,,,,,,,,,,,,China
Wei Song,https://openalex.org/A5019370942,China ---> Japan ---> China ---> United States ---> China ---> Italy ---> United States ---> China ---> United Kingdom,2,Multinational Travel ---> United Kingdom,"Started in China, Ended up in United Kingdom",,,,,,,,,,,,,,,,,,,,,China,China,China,,,,China,China,China,China,China,China,Japan,China,China,United States,China,China,China,China,Italy,United States,China,China,China,China,China,United Kingdom
Weihao Gao,https://openalex.org/A5036598136,China,0,Affiliated with one country,Started and Ended in China,,,,,,,,,,,,,,,,,,,,,,,,,,,,,,,,,,,,,,,,,,,,,China,,,
Weihong Li,https://openalex.org/A5124913159,China,0,Affiliated with one country,Started and Ended in China,,,,,,,,,,,,,,,,,,,,,,,,,,,,,,,,,,,,,,,,,,,,,,,,China
Weixiao Huang,https://openalex.org/A5013900180,United Kingdom ---> United States,3,Multinational Travel ---> United States,"Started in United Kingdom, Ended up in United States",,,,,,,,,,,,,,,,,,,,,,,,,,,,,,,,,,,,,,,United Kingdom,,United States,United States,United States,,,,,
Weixin Xu,https://openalex.org/A5109953055,United States ---> China ---> United States,4,Multinational Travel ---> United States,Started and Ended in United States (with travel in between),,,,,,,United States,,China,,,,,,,,,,,,,United States,,,,United States,,,,,United States,,,,,,,,,,,,,,,,,
Weiyu Zhuang,https://openalex.org/A5091010241,China,0,Affiliated with one country,Started and Ended in China,,,,,,,,,,,,,,,,,,,,,,,,,,,,,,,,,,,,,,,,,,,,China,,,China,
Wenhao Wu,https://openalex.org/A5102884532,China ---> South Korea ---> China,0,Multinational Travel ---> China,Started and Ended in China (with travel in between),,,,,,,,,,,,,,,,,,,,,,,,,,,,,,,,,,,,,,,,China,,South Korea,South Korea,,China,China,China,
Wenyang He,https://openalex.org/A5105206275,United Kingdom ---> China,0,Multinational Travel ---> China,"Started in United Kingdom, Ended up in China",,,,,,,,,,,,,,,,,,,,,,,,,,,,,,,,,,,,,,,,,,,,,United Kingdom,China,,
X. Angelo Huang,https://openalex.org/A5109743429,China,0,Affiliated with one country,Started and Ended in China,,,,,,,,,,,,,,,,,,,,,,,,,,,,,,,,,,,,,,,,,,,,,,,China,
X. H. Zhou,https://openalex.org/A5063131799,China,0,Affiliated with one country,Started and Ended in China,,,,,,,,,,,,,,,China,China,,China,China,,,China,China,China,,China,,,,China,China,China,China,China,China,China,,China,,China,China,China,China,China,China,China,China,China
Xianghui Wei,https://openalex.org/A5029780217,China,0,Affiliated with one country,Started and Ended in China,,,,,,,,,,,,,,,,,,,,,,,,,,,,,,,,,,,,,,,,,,,,China,,,,
Xiangyan Liu,https://openalex.org/A5030067405,Singapore ---> India ---> Singapore ---> China,0,Multinational Travel ---> China,"Started in Singapore, Ended up in China",,,,,,,,,,,,,,,,,,,,,,,,,,,,,,,Singapore,Singapore,India,,,,,,,,,,,,Singapore,Singapore,China,
Xianqing Jia,https://openalex.org/A5084563214,China,0,Affiliated with one country,Started and Ended in China,,,,,,,,,,,,,,,,,,,,,,,,,,,,,,,,,,,,,,,,,,,,China,,China,,
Xiaofeng Yu,https://openalex.org/A5028680526,Hong Kong ---> China ---> Germany ---> United States ---> China,1,Multinational Travel ---> China,"Started in Hong Kong, Ended up in China",,,,,,,,,,,,,,,,,,,,,,,,,,,,,Hong Kong,,,,,China,Germany,Germany,Germany,Germany,United States,China,China,China,China,China,China,China,China,
Xiaojuan Tang,https://openalex.org/A5124966217,China,0,Affiliated with one country,Started and Ended in China,,,,,,,,,,,,,,,,,,,,,,,,,,,,,,,,,,,,,,,,,,,,,,,,China
Xiaokun Yuan,https://openalex.org/A5071207563,United States ---> China ---> Australia ---> China ---> Australia ---> China,3,Multinational Travel ---> China,"Started in United States, Ended up in China",,,,,,,,,,,,,,United States,,United States,,,,,,,,United States,,,,,China,,China,,,China,China,China,Australia,China,China,Australia,China,,China,China,,China,,
Xiaotong Xie,https://openalex.org/A5101104838,China,0,Affiliated with one country,Started and Ended in China,,,,,,,,,,,,,,,,,,,,,,,,,,,,,,,,,,,,,,China,,,,,China,China,China,China,China,
Xingcheng Yao,https://openalex.org/A5065739587,China,0,Affiliated with one country,Started and Ended in China,,,,,,,,,,,,,,,,,,,,,,,,,,,,,,,,,,,,,,,,,,,China,,China,,,
Xingzhe Wu,https://openalex.org/A5086375722,China,0,Affiliated with one country,Started and Ended in China,,,,,,,,,,,,,,,,,,,,,,,,,,,,,,,,,,,,,,,,,,,China,,,,,
Xinhao Li,https://openalex.org/A5038731476,China,0,Affiliated with one country,Started and Ended in China,,,,,,,,,,,,,,,,,,,,,,,,,,,,,,,,,,,,,,,,,,,,China,China,China,China,
Xinran Xu,https://openalex.org/A5111250659,China ---> United States,1,Multinational Travel ---> United States,"Started in China, Ended up in United States",,,,,,,,,,,,,,,,,,,,,,,,,,,,,,,,,,,,,,,,,,,,,,China,United States,
Xinxing Zu,https://openalex.org/A5028097242,China ---> United States ---> China,2,Multinational Travel ---> China,Started and Ended in China (with travel in between),,,,,,,,,,,,,,,,,,,,,,,,,,,,,,,,,,,,,,,,,,China,United States,,,United States,China,
Xinyu Zhou,https://openalex.org/A5074959378,United States,1,Affiliated with one country,Started and Ended in United States,,,,,,,,,,,,,,,,,,,,,,,,,,,,,,,,,,,,,,,,,,,,,United States,,,
Xinyuan Wang,https://openalex.org/A5054558475,China,0,Affiliated with one country,Started and Ended in China,,,,,,,,,,,,,,,,,,,,,,,,,,,,,,,,,,,,,,,,,,,,China,,China,China,China
Xiong Weijun,https://openalex.org/A5052008475,China,0,Affiliated with one country,Started and Ended in China,,,,,,,,,,,,,,,China,,,,,,,,,,,,,,,,,,,,,,,,,,,,,,China,,China,
Xiuwu Liao,https://openalex.org/A5102822893,China,0,Affiliated with one country,Started and Ended in China,,,,,,,,,,,,,,,,,,,,,,,,,,China,China,China,China,China,,China,China,China,China,,China,China,China,China,China,China,China,,China,,China,China
Xu Cao,https://openalex.org/A5101247284,China ---> United States ---> China,1,Multinational Travel ---> China,Started and Ended in China (with travel in between),,,,,,,,,,,,,,,,,,,,,,,,,,,,,,,,,,,China,,,,,,,,,,China,United States,China,China
Xuehai Pan,https://openalex.org/A5001682354,China,0,Affiliated with one country,Started and Ended in China,,,,,,,,,,,,,,,,,,,,,,,,,,,,,,,,,China,China,China,,,,,,,,,China,,,China,
Y. Liu,https://openalex.org/A5113647044,China ---> United States ---> China ---> Taiwan ---> China,1,Multinational Travel ---> China,Started and Ended in China (with travel in between),,,,,,,,,,,,,,,,,,,,,,,,,,,,,,China,China,United States,,,,,,China,China,China,China,,,,,Taiwan,China,
Y.J. Yan,https://openalex.org/A5108323647,China ---> Canada ---> China,0,Multinational Travel ---> China,Started and Ended in China (with travel in between),,,,,,,,,,,,,,,,,,,,,,,,,,,,,,China,China,,China,China,China,China,,,,China,China,China,,,,Canada,China,
Yan Zhong,https://openalex.org/A5110992737,China,0,Affiliated with one country,Started and Ended in China,,,,,,,,,,,,,,,,,,,,,,,,,,,,China,,China,,,,,China,,,,China,China,China,,China,China,China,China,,China
Yanfei Hu,https://openalex.org/A5101788799,China,0,Affiliated with one country,Started and Ended in China,,,,,,,,,,,,,,,,,,,,,,,,,,,,,,,,,,,,,,,,,,China,China,,China,,,
Yang Li,https://openalex.org/A5100421764,China ---> United States ---> South Korea ---> United States ---> South Korea ---> China ---> United States ---> China ---> Canada ---> China,3,Multinational Travel ---> China,Started and Ended in China (with travel in between),,,,,,,,,,,,,,,,,,,,,,,,China,,United States,South Korea,South Korea,United States,South Korea,China,China,China,United States,China,China,China,China,China,China,China,China,China,China,Canada,China,China,
Yang Liu,https://openalex.org/A5100355638,China ---> United States ---> China ---> Finland ---> China ---> Canada ---> Australia ---> China,3,Multinational Travel ---> China,Started and Ended in China (with travel in between),,,,,,,,,,,,,,,,,,,,China,,,,,,United States,United States,United States,China,China,China,China,China,Finland,China,Canada,Australia,China,China,China,China,China,China,China,China,China,China,China
Yangchuan Xu,https://openalex.org/A5070026343,China,0,Affiliated with one country,Started and Ended in China,,,,,,,,,,,,,,,,,,,,,,,,,,,,,,,,,,,,,,,,,,China,China,China,,,,
Yangyang Hu,https://openalex.org/A5101075955,China ---> United States ---> China,1,Multinational Travel ---> China,Started and Ended in China (with travel in between),,,,,,,,,,,,,,,,,,,,,,,,,,,,,,,,China,,China,China,China,China,China,China,China,China,China,China,United States,China,China,China,
Yangyang Liu,https://openalex.org/A5100393314,China ---> Australia ---> China,0,Multinational Travel ---> China,Started and Ended in China (with travel in between),,,,,,,,,,,,,,,,,,,,,,,,,,,,,,,,,China,China,Australia,China,China,China,China,China,China,China,China,China,China,China,China,China
Yann Philippe Charles,https://openalex.org/A5076124480,Germany ---> France ---> United States ---> France,1,Multinational Travel ---> France,"Started in Germany, Ended up in France",,,,,,,,,,,,,,,,,,,,,,,,,Germany,,France,France,France,France,France,France,France,France,France,France,France,France,France,France,France,France,France,France,France,United States,France,
Yanru Chen,https://openalex.org/A5100695889,United States ---> China,1,Multinational Travel ---> China,"Started in United States, Ended up in China",,,,,,,,,,,,,,,United States,,,,,,,,China,,,,,,China,,China,China,China,China,China,China,China,China,China,China,China,China,China,China,China,China,China,
Yao Wang,https://openalex.org/A5124908875,China,0,Affiliated with one country,Started and Ended in China,,,,,,,,,,,,,,,,,,,,,,,,,,,,,,,,,,,,,,,,,,,,,,,,China
Yejie Wang,https://openalex.org/A5075248805,United Kingdom,0,Affiliated with one country,Started and Ended in United Kingdom,,,,,,,,,,,,,,,,,,,,,,United Kingdom,,,,,,,,,,,,,,,,,,,,,,,,,,
Yi Gu,https://openalex.org/A5100621679,China,0,Affiliated with one country,Started and Ended in China,,,,,,,,,,,,,,,,,,,,,,,,,,,China,,,China,,,China,,China,,,China,China,,China,China,China,China,China,China,China,
Yi He,https://openalex.org/A5002936232,Germany ---> United Kingdom ---> China ---> United Kingdom,0,Multinational Travel ---> United Kingdom,"Started in Germany, Ended up in United Kingdom",,,,,,,,,,,,,,,,,,,,,,,,,,,,,,Germany,United Kingdom,United Kingdom,United Kingdom,United Kingdom,United Kingdom,China,United Kingdom,United Kingdom,United Kingdom,United Kingdom,United Kingdom,United Kingdom,United Kingdom,United Kingdom,United Kingdom,United Kingdom,United Kingdom,
Yi Yang,https://openalex.org/A5124918471,China,0,Affiliated with one country,Started and Ended in China,,,,,,,,,,,,,,,,,,,,,,,,,,,,,,,,,,,,,,,,,,,,,,,,China
Yibo Liu,https://openalex.org/A5100656708,China ---> Thailand ---> China ---> United States ---> China ---> Canada ---> China,1,Multinational Travel ---> China,Started and Ended in China (with travel in between),,,,,,,,,,,,,,,,,,,,,,,,,,,,,China,,,,Thailand,,,,China,,,China,,China,United States,China,China,Canada,China,China
Yibo Miao,https://openalex.org/A5045257498,China,0,Affiliated with one country,Started and Ended in China,,,,,,,,,,,,,,,,,,,,,,,,,,,,,,,,,,,,,,,,,,China,,,,,,
Yicheng Gu,https://openalex.org/A5032326279,China,0,Affiliated with one country,Started and Ended in China,,,,,,,,,,,,,,,,,,,,,,,,,,,,,,,,,,,,,,,,,,,,,,China,China,
Yifei Xin,https://openalex.org/A5040345182,United States ---> China,2,Multinational Travel ---> China,"Started in United States, Ended up in China",,,,,,,,,,,,,,,,,,,,,,,,,,,,,,,,,,United States,,,,United States,,,,China,China,China,China,China,,
Yifeng Liu,https://openalex.org/A5047022716,China,0,Affiliated with one country,Started and Ended in China,,,,,,,,,,,,,,,,,,,,,,,,,,,,,,,,,,,,,,,,,,,China,China,,China,China,China
Yimin Chen,https://openalex.org/A5100377728,Taiwan ---> China ---> United States ---> China,4,Multinational Travel ---> China,"Started in Taiwan, Ended up in China",,,,,,,,,,,,,,,,,,,,,,,,,,,Taiwan,,,China,,,China,,China,,,,United States,United States,United States,United States,China,China,China,China,China,
Yiming Qin,https://openalex.org/A5025327117,Hong Kong ---> China ---> Hong Kong ---> China ---> Hong Kong ---> China ---> Hong Kong ---> China,0,Multinational Travel ---> China,"Started in Hong Kong, Ended up in China",,,,,,,,,,,,,,,,,,,,,,,,,,,,,,,,,,,,,Hong Kong,China,Hong Kong,Hong Kong,China,China,Hong Kong,China,Hong Kong,China,China,
Ying Yang,https://openalex.org/A5124934706,China,0,Affiliated with one country,Started and Ended in China,,,,,,,,,,,,,,,,,,,,,,,,,,,,,,,,,,,,,,,,,,,,,,,,China
Yingguo Yang,https://openalex.org/A5054579017,China ---> United States ---> China,3,Multinational Travel ---> China,Started and Ended in China (with travel in between),,,,,,,,,,,,,,,,,,,,,,,China,,China,China,United States,United States,United States,,China,China,China,,,China,China,China,China,China,China,China,China,China,China,China,China,
Yingjiang Chen,https://openalex.org/A5089598220,China,0,Affiliated with one country,Started and Ended in China,,,,,,,,,,,,,,,,,,,,,,,,,,,,,,,,,,,,,,,China,,,,,,China,China,China,China
Yiping Bao,https://openalex.org/A5043216848,China,0,Affiliated with one country,Started and Ended in China,,,,,,,,,,,,,,,,,,,,,,,,,,,,,,,,,,,,China,,China,,,,,,,China,China,,
Yiqin Wang,https://openalex.org/A5073872340,China,0,Affiliated with one country,Started and Ended in China,,,,,,,,,,,,,,,,,,,,,,,,,,,,,,,,,,,,,,,,,,,,,China,China,China,
Yong-Sheng Yang,https://openalex.org/A5052615725,China ---> Hong Kong,0,Multinational Travel ---> Hong Kong,"Started in China, Ended up in Hong Kong",,,,,,,,,,,,,China,,,,,,,,,,,Hong Kong,,,,,,,,,,,,,,,,,,,,,,,,
Yongsheng Kang,https://openalex.org/A5100931742,China,0,Affiliated with one country,Started and Ended in China,,,,,,,,,,,,,,,,,,,,,,,,,,,,,,,,China,,,,,,,China,,,China,,China,,China,,
Yu Jing,https://openalex.org/A5112386744,China,0,Affiliated with one country,Started and Ended in China,,,,,,,,,,,,,,,,,,,,,,,,,,,,,,,China,China,,,,,,,,,,,,,,,,
Yu Zhang,https://openalex.org/A5124961270,China,0,Affiliated with one country,Started and Ended in China,,,,,,,,,,,,,,,,,,,,,,,,,,,,,,,,,,,,,,,,,,,,,,,,China
Yuan Mei,https://openalex.org/A5100735875,China,0,Affiliated with one country,Started and Ended in China,,,,,,,,,,,,,,,,,,,,,,,,,,,,,,,,,,,,,,,China,,,,,,China,,,
Yuanxin Liu,https://openalex.org/A5044541656,United States ---> China ---> United States ---> China,4,Multinational Travel ---> China,"Started in United States, Ended up in China",,,,,,,,,,,,,,,,,,,,,,,,United States,China,United States,,United States,United States,China,China,,,China,China,China,China,China,China,China,China,China,China,China,China,China,China,China
Yubo Liu,https://openalex.org/A5100747042,China ---> Australia ---> China ---> United States ---> China,1,Multinational Travel ---> China,Started and Ended in China (with travel in between),,,,,,,,,,,,,,,,,,,,,,,,,,,,,,,China,China,,,,Australia,China,,,,United States,China,China,China,China,China,China,China
Yuchao Qian,https://openalex.org/A5023154572,China,0,Affiliated with one country,Started and Ended in China,,,,,,,,,,,,,,,,,,,,,,,,,,,,,,,,,,,,,,,,,,,,,China,,China,
Yucheng Wu,https://openalex.org/A5000234334,China ---> United States ---> China ---> Taiwan ---> China ---> United States ---> China ---> Taiwan ---> China ---> Taiwan,2,Multinational Travel ---> Taiwan,"Started in China, Ended up in Taiwan",,,,,,,,,,,,,,,,,,,,,,China,China,China,China,China,China,China,China,United States,China,Taiwan,Taiwan,China,China,China,China,United States,China,China,China,China,China,China,Taiwan,China,Taiwan,
Yue Liu,https://openalex.org/A5124899971,China,0,Affiliated with one country,Started and Ended in China,,,,,,,,,,,,,,,,,,,,,,,,,,,,,,,,,,,,,,,,,,,,,,,,China
Yuhao Dong,https://openalex.org/A5101315785,China,0,Affiliated with one country,Started and Ended in China,,,,,,,,,,,,,,,,,,,,,,,,,,,,,,,,,,,,,,,,,China,China,,,China,China,China,China
Yujie Chen,https://openalex.org/A5124876348,Malaysia,0,Affiliated with one country,Started and Ended in Malaysia,,,,,,,,,,,,,,,,,,,,,,,,,,,,,,,,,,,,,,,,,,,,,,,,Malaysia
Yulun Du,https://openalex.org/A5012998749,United States ---> China,3,Multinational Travel ---> China,"Started in United States, Ended up in China",,,,,,,,,,,,,,,,,,,,,,,,,,,,,,,,,,,,,,,United States,United States,,,,,United States,China,China,
Yunpeng Tai,https://openalex.org/A5101177502,China,0,Affiliated with one country,Started and Ended in China,,,,,,,,,,,,,,,,,,,,,,,,,,,,,,,,China,,,,,,,,,,,,China,,,China,
Yutao Zhang,https://openalex.org/A5124951722,China,0,Affiliated with one country,Started and Ended in China,,,,,,,,,,,,,,,,,,,,,,,,,,,,,,,,,,,,,,,,,,,,,,,,China
Yutong Zhang,https://openalex.org/A5124953376,China,0,Affiliated with one country,Started and Ended in China,,,,,,,,,,,,,,,,,,,,,,,,,,,,,,,,,,,,,,,,,,,,,,,,China
Yuxin Wu,https://openalex.org/A5014209482,United States ---> China ---> United States ---> China ---> United States ---> Belarus ---> China ---> Hong Kong ---> China ---> Hong Kong ---> Denmark ---> Hong Kong ---> China,10,Multinational Travel ---> China,"Started in United States, Ended up in China",,,,,,,,,,,,United States,,,,,,,,United States,,,,,,,United States,United States,United States,China,United States,China,United States,United States,United States,United States,Belarus,China,Hong Kong,China,Hong Kong,Denmark,Hong Kong,China,China,China,China,China
Yuxuan Zhu,https://openalex.org/A5124878246,China,0,Affiliated with one country,Started and Ended in China,,,,,,,,,,,,,,,,,,,,,,,,,,,,,,,,,,,,,,,,,,,,,,,China,
Yuyao Ge,https://openalex.org/A5101263698,China,0,Affiliated with one country,Started and Ended in China,,,,,,,,,,,,,,,,,,,,,,,,,,,,,,,,,,,,,,,,,,,,,China,China,,
Yuzhi Wang,https://openalex.org/A5100669047,China,0,Affiliated with one country,Started and Ended in China,,,,,,,,,,,,China,,,China,,,,,,,,,,,,,,,,,,,,,China,China,,,,China,China,China,,China,,China,
Yuzi Yan,https://openalex.org/A5010122282,China,0,Affiliated with one country,Started and Ended in China,,,,,,,,,,,,,,,,,,,,,,,,,,,,,,,,,,,,,,,,,,,China,China,China,China,,
Z B Wang,https://openalex.org/A5109472892,China,0,Affiliated with one country,Started and Ended in China,,,,,,,,,,,,,,,,,,,,,,,,,,,,,,,,,,,,,,,,,,China,,China,,China,,
Z. B. Liu,https://openalex.org/A5031718334,China,0,Affiliated with one country,Started and Ended in China,,,,,,,,,,,,,,,,,,,,,,,,,,China,,,,,,China,,,,,,,,,,,,,,,,
Zelai Xu,https://openalex.org/A5062497242,France ---> Norway ---> France ---> China,0,Multinational Travel ---> China,"Started in France, Ended up in China",,,,,,,,,,,,,,,,,,,,,,,,,,,,France,France,France,Norway,,,,,France,,,,,,,,China,China,China,,China
Zeyu Feng,https://openalex.org/A5101380885,China,0,Affiliated with one country,Started and Ended in China,,,,,,,,,,,,,,,,,,,,,,,,,,,,,,,,,,,,,,,,,,,,,,China,,
Zhao Xu,https://openalex.org/A5068791753,Pakistan ---> Germany ---> Australia ---> China ---> Denmark ---> China ---> Germany ---> Australia ---> China ---> Hong Kong ---> China ---> India,0,Multinational Travel ---> India,"Started in Pakistan, Ended up in India",,,,,,,,,,,,,,,,,,,,,,,Pakistan,,Germany,Australia,China,Denmark,Denmark,Denmark,Denmark,Denmark,Denmark,Denmark,China,Germany,Australia,China,China,Hong Kong,China,China,China,China,China,China,India,
Zhaochen Su,https://openalex.org/A5124953004,United States,1,Affiliated with one country,Started and Ended in United States,,,,,,,,,,,,,,,,,,,,,,,,,,,,,,,,,,,,,,,,,,,,,,,,United States
Zhaowei Li,https://openalex.org/A5108055321,United States ---> China,1,Multinational Travel ---> China,"Started in United States, Ended up in China",,,,,,,,,,,,,,,,,,,,,,,,,,,,,,,,,,United States,,,,,China,,,China,China,China,China,,China,
Zhe Huang,https://openalex.org/A5103240679,China ---> United States ---> China,7,Multinational Travel ---> China,Started and Ended in China (with travel in between),,,,,,,,,,,,,,,,,,China,,China,,,,,,,,China,,,United States,United States,United States,,United States,United States,United States,United States,China,China,China,China,China,China,China,China,China,China
Zhejun Jiang,https://openalex.org/A5012056827,China,0,Affiliated with one country,Started and Ended in China,,,,,,,,,,,,,,,,,,,,,,,,,,,,,,,,,,,,,,,,,China,,,China,China,China,China,
Zheming Li,https://openalex.org/A5101473921,China ---> Germany,0,Multinational Travel ---> Germany,"Started in China, Ended up in Germany",,,,,,,,,,,,,,,,,,,,,,,,,,,,,,,,,,,,,,,China,China,,China,China,China,China,Germany,,
Zhen Yang,https://openalex.org/A5124899659,Germany,0,Affiliated with one country,Started and Ended in Germany,,,,,,,,,,,,,,,,,,,,,,,,,,,,,,,,,,,,,,,,,,,,,,,,Germany
Zhen Zhu,https://openalex.org/A5035350892,China ---> United States ---> China ---> United States ---> China ---> United States ---> Italy ---> United States ---> Italy ---> China ---> United Kingdom ---> China,4,Multinational Travel ---> China,Started and Ended in China (with travel in between),,,,,,,,,,,,,,,,,,,,,,,,,China,United States,China,China,United States,China,China,China,China,United States,,Italy,United States,Italy,China,United Kingdom,United Kingdom,United Kingdom,United Kingdom,United Kingdom,United Kingdom,United Kingdom,China,China
Zheng Zhang,https://openalex.org/A5115596378,China ---> United States ---> China,1,Multinational Travel ---> China,Started and Ended in China (with travel in between),,,,,,,,,,,,,,,,,,,,,,,,China,,China,,,,,,China,,,,,,,United States,China,China,China,China,China,China,China,China,
Zhengyu Lin,https://openalex.org/A5059764830,China ---> United Kingdom ---> Sweden ---> United Kingdom ---> China ---> United Kingdom ---> Russia ---> United Kingdom ---> China ---> South Korea ---> China,0,Multinational Travel ---> China,Started and Ended in China (with travel in between),,,,,,,,,,,,,,,,,,,,,,,China,China,,United Kingdom,United Kingdom,United Kingdom,Sweden,United Kingdom,United Kingdom,United Kingdom,,,United Kingdom,United Kingdom,China,United Kingdom,United Kingdom,United Kingdom,Russia,United Kingdom,China,China,China,South Korea,China,
Zheqi Li,https://openalex.org/A5073085049,China ---> Poland ---> China ---> United States ---> China ---> United States ---> China,3,Multinational Travel ---> China,Started and Ended in China (with travel in between),,,,,,,,,,,,,,,,,,,,,,,,,,,,,,,,,China,,,,Poland,China,United States,United States,China,United States,China,China,China,China,China,China
Zhexu Wang,https://openalex.org/A5113252996,China,0,Affiliated with one country,Started and Ended in China,,,,,,,,,,,,,,,,,,,,,,,,,,,,,,,,,,,,,,,,,,,,,,,China,
Zhilin Yang,https://openalex.org/A5050303775,Hong Kong ---> United States ---> Hong Kong ---> United Kingdom ---> China ---> New Zealand ---> Hong Kong ---> China ---> Thailand ---> United States ---> China ---> Hong Kong,4,Multinational Travel ---> Hong Kong,Started and Ended in Hong Kong (with travel in between),Hong Kong,,,,,,,,,,,,,,,,,,,,,,Hong Kong,Hong Kong,Hong Kong,Hong Kong,Hong Kong,Hong Kong,United States,Hong Kong,United Kingdom,China,New Zealand,Hong Kong,China,China,China,Thailand,United States,United States,United States,China,China,China,China,China,China,Hong Kong
Zhiqi Huang,https://openalex.org/A5103191012,China ---> United States ---> China ---> Hong Kong ---> China,2,Multinational Travel ---> China,Started and Ended in China (with travel in between),,,,,,,,,,,,,,,,,,,,,,,,,,China,,,,,,,,China,China,,United States,United States,China,China,China,China,China,China,Hong Kong,Hong Kong,China,China
Zhirong Chen,https://openalex.org/A5114191012,China,0,Affiliated with one country,Started and Ended in China,,,,,,,,,,,,,,,,,,,,,,,,,,,,,,,,,,,,,,,,,,,,,,China,,
Zhiting Hu,https://openalex.org/A5085608858,China ---> United States,10,Multinational Travel ---> United States,"Started in China, Ended up in United States",,,,,,,,,,,,,,,,,,,,,,,,,,,,,,,,,,,China,China,United States,United States,United States,United States,United States,United States,United States,United States,United States,,United States,
Zhiyi Huang,https://openalex.org/A5090297023,China ---> Australia ---> New Zealand ---> China ---> New Zealand ---> United States ---> New Zealand ---> Hong Kong ---> China ---> United States,2,Multinational Travel ---> United States,"Started in China, Ended up in United States",,,,,,,,,,,,China,,,,,,,Australia,Australia,,New Zealand,,New Zealand,New Zealand,New Zealand,New Zealand,New Zealand,New Zealand,China,New Zealand,New Zealand,New Zealand,New Zealand,New Zealand,New Zealand,New Zealand,New Zealand,New Zealand,New Zealand,New Zealand,United States,New Zealand,New Zealand,Hong Kong,China,United States,
Zhiyuan Lu,https://openalex.org/A5123621984,China,0,Affiliated with one country,Started and Ended in China,,,,,,,,,,,,,,,,,,,,,,,,,,,,,,,,,,,,,,,,,,,,,,,,China
Zhu Han,https://openalex.org/A5063667378,China ---> India ---> China ---> United States ---> China ---> United States ---> China ---> United States ---> China ---> Australia ---> China ---> United States,8,Multinational Travel ---> United States,"Started in China, Ended up in United States",,,,,,,,,,,China,,,,,,,,,,,,India,China,China,China,United States,United States,United States,United States,China,United States,United States,China,China,China,United States,China,China,China,Australia,China,China,China,China,China,China,United States
Zichao Lin,https://openalex.org/A5064542917,China,0,Affiliated with one country,Started and Ended in China,,,,,,,,,,,,,,,,,,,,,,,,,,,,,,,,,,,,,,,,,,,,China,,China,,
Zichen Wen,https://openalex.org/A5102635197,China ---> Hong Kong ---> China,0,Multinational Travel ---> China,Started and Ended in China (with travel in between),,,,,,,,,,,,,,,,,,,,,,,,,,,,,,,,,,,,,,,,,,,,,China,Hong Kong,,China
Zihan Liu,https://openalex.org/A5103092779,Hong Kong ---> China,0,Multinational Travel ---> China,"Started in Hong Kong, Ended up in China",,,,,,,,,,,,,,,,,,,,,,,,,,,,,,,,,,,,,,,,,,,,,Hong Kong,China,China,China
Zijia Zhao,https://openalex.org/A5102012495,China ---> United Kingdom ---> China,0,Multinational Travel ---> China,Started and Ended in China (with travel in between),,,,,,,,,,,,,,,,,,,,,,,,,,,,,,,,,,,,,,,,,,,,,China,United Kingdom,China,China
Ziting Wang,https://openalex.org/A5020487207,China,0,Affiliated with one country,Started and Ended in China,,,,,,,,,,,,,,,,,,,,,,,,,,,,,,,,,,,,,,,,,,,,China,,China,China,
Ziwei Chen,https://openalex.org/A5049260052,China,0,Affiliated with one country,Started and Ended in China,,,,,,,,,,,,,,,,,,,,,,,,,,,,,,,,,,,China,,,,,,,,,,China,,China,
Ziyong Lin,https://openalex.org/A5103911211,China,0,Affiliated with one country,Started and Ended in China,,,,,,,,,,,,,,,,,,,,,,,,,,,,,,,,,,China,,,,,,,,,,,,China,China,
Zonghan Yang,https://openalex.org/A5042856545,China,0,Affiliated with one country,Started and Ended in China,,,,,,,,,,,,,,,,,,,,,,,,,,,,,,,,,,,,,,,,China,China,China,China,China,China,,China,China
jing xu,https://openalex.org/A5124943008,China,0,Affiliated with one country,Started and Ended in China,,,,,,,,,,,,,,,,,,,,,,,,,,,,,,,,,,,,,,,,,,,,,,,,China
