Author,OA_Profile,Geographic Trajectory,Years in the US,Geographic Trajectory (simplified),Geographic Trajectory (even more simplified),1983,1984,1985,1986,1987,1988,1989,1990,1991,1992,1993,1994,1995,1996,1997,1998,1999,2000,2001,2002,2003,2004,2005,2006,2007,2008,2009,2010,2011,2012,2013,2014,2015,2016,2017,2018,2019,2020,2021,2022,2023,2024,2025,2026
Aixin Liu,https://openalex.org/A5015078816,China ---> United States ---> China ---> Canada ---> China ---> United States ---> China ---> United States ---> China,3,Multinational Travel ---> China,Started and Ended in China (with travel in between),,,,,,,,,,,,,,,China,,,,,,,,China,China,China,,China,China,United States,,China,China,China,Canada,China,United States,China,China,China,China,United States,China,China,
Andi Liu,https://openalex.org/A5062061862,United States ---> China,4,Multinational Travel ---> China,"Started in United States, Ended up in China",,,,,,,,,,,,,,,,,,,,,,,,,,United States,,United States,United States,,United States,,,,,,,,,China,China,China,China,
Aoxue Mei,https://openalex.org/A5005251905,United States ---> China,1,Multinational Travel ---> China,"Started in United States, Ended up in China",,,,,,,,,,,,,,,,,,,,,,,,,,,,,,,,,United States,,,,China,,,,,,China,China
Bei Feng,https://openalex.org/A5016665033,China,0,Affiliated with one country,Started and Ended in China,,,,,,,,,,,,,,,,,,,,,,,,,,,,,,,,,,China,,,,,,,,,China,
Bing Xue,https://openalex.org/A5101472713,China ---> United States,1,Multinational Travel ---> United States,"Started in China, Ended up in United States",,,,,,,,,,,,,,,,,,,,,,,,,China,China,China,China,China,China,China,China,China,China,,China,China,China,China,China,China,China,United States,
BingXue Lin,https://openalex.org/A5025436331,United States,7,Affiliated with one country,Started and Ended in United States,,,,,,,,,,,,,,,,,,,,,,,,,,,,,,,,,,,United States,United States,,United States,United States,United States,United States,,United States,
Bingxuan Wang,https://openalex.org/A5114179761,Nepal ---> China,0,Multinational Travel ---> China,"Started in Nepal, Ended up in China",,,,,,,,,,,,,,,,,,,,,,,,,,,,,,,,,,,,Nepal,,China,,,,China,,
Bingzheng Xu,https://openalex.org/A5109505733,China,0,Affiliated with one country,Started and Ended in China,,,,,,,,,China,,,,,,,,,,,China,,,,,,,,,,,,,,,,China,,,China,,,China,,
Bo Liu,https://openalex.org/A5100727812,China ---> United States ---> China ---> Australia ---> China ---> United States ---> China ---> United States ---> China,3,Multinational Travel ---> China,Started and Ended in China (with travel in between),,,,,,,,,,,,,,,,,,,,China,,United States,China,,China,,China,Australia,China,,China,China,China,China,China,United States,,China,China,United States,China,China,China,
Bo Zhang,https://openalex.org/A5100335386,China ---> Sweden ---> United States ---> China ---> United States ---> China ---> United States ---> China,5,Multinational Travel ---> China,Started and Ended in China (with travel in between),,,,,,,,,,,,,,,,,,,China,China,Sweden,Sweden,,United States,China,United States,United States,China,United States,United States,,,China,,,China,China,China,China,China,China,China,China,
Bowen Wu,https://openalex.org/A5103178710,China ---> United States ---> China,1,Multinational Travel ---> China,Started and Ended in China (with travel in between),,,,,,,,,,,,,,,,,,,,,,,,,,,,,,,,,,,China,China,China,China,China,China,China,United States,China,
Chaofan Lin,https://openalex.org/A5109678287,China,0,Affiliated with one country,Started and Ended in China,,,,,,,,,,,,,,,,,,,,,,,,,,,,,,,,,,,,,,,,,China,China,China,
Chen Dong,https://openalex.org/A5100767305,United States ---> China ---> United States ---> China,11,Multinational Travel ---> China,"Started in United States, Ended up in China",,,,,,,,,,,,,,,,United States,,United States,United States,United States,United States,United States,United States,China,United States,United States,United States,United States,China,China,China,China,China,China,China,China,China,China,China,China,China,China,China,
Chen Jin,https://openalex.org/A5054729762,China ---> United States ---> China ---> Canada ---> China ---> Canada ---> China,1,Multinational Travel ---> China,Started and Ended in China (with travel in between),,,,,,,,,,,,,,,,,,,,,China,,China,,,,United States,China,China,China,China,China,Canada,China,Canada,China,China,China,China,China,China,China,China,
Chengda Lu,https://openalex.org/A5090328003,China ---> Australia ---> China ---> Rwanda ---> China,0,Multinational Travel ---> China,Started and Ended in China (with travel in between),,,,,,,,,,,,,,,,,,,,,,,,,,,,,,,,,,China,Australia,Australia,Australia,China,Rwanda,China,China,China,China,China
Chenggang Zhao,https://openalex.org/A5079470006,China,0,Affiliated with one country,Started and Ended in China,,,,,,,,,,,,,,,,,,,,,,,,,,,,,,,,,,,,,China,China,,,,China,China,
Chengqi Deng,https://openalex.org/A5084839131,China ---> United States,1,Multinational Travel ---> United States,"Started in China, Ended up in United States",,,,,,,,,,,,,,,,,,,,,,,,,,,,,,,,,,,,,,,,China,China,,United States,
Chenhao Xu,https://openalex.org/A5101012867,China,0,Affiliated with one country,Started and Ended in China,,,,,,,,,,,,,,,,,,,,,,,,,,,,,,,,,,China,,,,,,,,,China,China
Chenyu Zhang,https://openalex.org/A5100377485,China,0,Affiliated with one country,Started and Ended in China,,,,,,,,,,,,,,,,,,,,,,,,,,,,,,,,China,,China,,,,China,China,,China,China,China,China
Chong Ruan,https://openalex.org/A5019374810,China ---> United States,1,Multinational Travel ---> United States,"Started in China, Ended up in United States",,,,,,,,,,,,,,,,,,,,,,,,,,,,,,,,,,,,,,,,China,China,,United States,
Damai Dai,https://openalex.org/A5020456783,China ---> India ---> China,0,Multinational Travel ---> China,Started and Ended in China (with travel in between),,,,,,,,,,,,,,,,,,,,,,,,,,,,,,,,,,,,China,China,China,China,India,China,,China,
Daya Guo,https://openalex.org/A5060364305,China ---> United Kingdom ---> China ---> Germany ---> United Kingdom ---> China,0,Multinational Travel ---> China,Started and Ended in China (with travel in between),,,,,,,,,,,,,,,,,,,,,,,,,,,,,,,,,,,,China,United Kingdom,China,Germany,United Kingdom,China,China,China,China
Dejian Yang,https://openalex.org/A5101194950,China ---> Kazakhstan ---> China ---> United Kingdom,0,Multinational Travel ---> United Kingdom,"Started in China, Ended up in United Kingdom",,,,,,,,,,,,,,,,,,,,,,,,,,,China,China,Kazakhstan,,,,,,,,,China,,China,United Kingdom,,,
Deli Chen,https://openalex.org/A5028794611,Australia ---> United States ---> Australia ---> China ---> Australia ---> China ---> Australia ---> China ---> Australia ---> China ---> Australia ---> Russia ---> United States ---> China ---> Australia ---> China ---> Australia ---> China,2,Multinational Travel ---> China,"Started in Australia, Ended up in China",,,,,,,Australia,,United States,,Australia,,Australia,,China,,,,Australia,Australia,China,Australia,Australia,Australia,Australia,China,China,Australia,China,Australia,Australia,Russia,United States,China,Australia,Australia,Australia,China,China,Australia,China,China,China,China
Dongjie Ji,https://openalex.org/A5043755032,China ---> United States ---> China,1,Multinational Travel ---> China,Started and Ended in China (with travel in between),,,,,,,,,,,,,,,,,,,,,,,,,,,China,,,,,,,,,,,,,,,,United States,China
Erhang Li,https://openalex.org/A5113091614,United States ---> United Kingdom ---> United States,2,Multinational Travel ---> United States,Started and Ended in United States (with travel in between),,,,,,,,,,,,,,,,,,,,,,United States,,United Kingdom,,,,,,,,,,,,,,,,,,,United States,
Fangqi Zhou,https://openalex.org/A5002273360,China,0,Affiliated with one country,Started and Ended in China,,,,,,,,,,,,,,,,,,,,,,,,,,,,,,,,,,,,,,,,China,China,,,
Fangyun Lin,https://openalex.org/A5109672590,United States,1,Affiliated with one country,Started and Ended in United States,,,,,,,,,,,,,,,,,,,,,,,,,,,,,,,,,,,,,,,,,,,United States,
Fengze Dai,https://openalex.org/A5029983760,China ---> United States,1,Multinational Travel ---> United States,"Started in China, Ended up in United States",,,,,,,,,,,,,,,,,,,,,,,,,,,,,China,China,China,China,China,China,China,China,China,China,China,China,China,China,United States,
Fuli Luo,https://openalex.org/A5019525050,China ---> United States ---> China,1,Multinational Travel ---> China,Started and Ended in China (with travel in between),,,,,,,,,,,,,,,,,,,,,,,,,,,,,,,,,,,,China,China,United States,China,China,China,China,China,China
Guan-Ting Chen,https://openalex.org/A5085396184,Taiwan ---> China ---> Taiwan ---> Montenegro ---> India ---> Taiwan,0,Multinational Travel ---> Taiwan,Started and Ended in Taiwan (with travel in between),,,,,,,,,,,,,,,,,,,,Taiwan,,,,,,,Taiwan,,,,China,China,China,Taiwan,,,Taiwan,Taiwan,Taiwan,Taiwan,Montenegro,India,Taiwan,Taiwan
Guangbo Hao,https://openalex.org/A5064813063,China ---> United Kingdom ---> Ireland ---> United Kingdom ---> Thailand ---> Ireland,0,Multinational Travel ---> Ireland,"Started in China, Ended up in Ireland",,,,,,,,,,,,,,,,,,,,,,,,,,China,United Kingdom,United Kingdom,United Kingdom,Ireland,Ireland,Ireland,Ireland,Ireland,Ireland,Ireland,Ireland,Ireland,Ireland,Ireland,United Kingdom,Thailand,Ireland,Ireland
Guanting Chen,https://openalex.org/A5101983121,Taiwan ---> China ---> Taiwan ---> United States ---> China ---> Taiwan ---> United States ---> China ---> Saudi Arabia,3,Multinational Travel ---> Saudi Arabia,"Started in Taiwan, Ended up in Saudi Arabia",,,,,,,,,,,,,,,,,,,,,,Taiwan,Taiwan,Taiwan,,,,,,,China,,Taiwan,,Taiwan,,United States,United States,China,Taiwan,United States,China,Saudi Arabia,
Guowei Li,https://openalex.org/A5001383067,China ---> Taiwan ---> Canada ---> China,0,Multinational Travel ---> China,Started and Ended in China (with travel in between),,,,,,,,,,,,,,,,,,,,,,,,,,,China,,,China,China,,,China,,China,,,,Taiwan,Taiwan,Canada,China,
H. Liang,https://openalex.org/A5065367124,China,0,Affiliated with one country,Started and Ended in China,,,,,,,,,,,,,,,,,,,,,,,,,,,,,,,,,,,,,,,,,,China,China,
H. Zhang,https://openalex.org/A5108346243,China,0,Affiliated with one country,Started and Ended in China,,,,,,,,,,,,,,,,,,,,,,,,,,,,,,,,,China,,,,,,China,,,China,,China
Han Bao,https://openalex.org/A5021682810,China,0,Affiliated with one country,Started and Ended in China,,,,,,,,,,,,,,,,,,,,,,,,,,,,,,,,,China,,,,,China,China,,China,China,China,
Hanwei Xu,https://openalex.org/A5100966558,China,0,Affiliated with one country,Started and Ended in China,,,,,,,,,,,,,,,,,,,,,,,,China,,,China,China,China,,China,China,China,,,,,,China,,China,,,
Hao Li,https://openalex.org/A5042878459,United States ---> Hong Kong ---> China ---> Singapore,2,Multinational Travel ---> Singapore,"Started in United States, Ended up in Singapore",,,,,,,,,,,,,,,,,,,,,,,,,,,,,,,,,,,United States,United States,Hong Kong,,,China,,China,Singapore,
Haocheng Wang,https://openalex.org/A5034335736,China,0,Affiliated with one country,Started and Ended in China,,,,,,,,,,,,,,,,,,,,,,,,,,,,,,,,,,,,,China,China,China,China,China,China,China,
Haoran Wei,https://openalex.org/A5114246441,China,0,Affiliated with one country,Started and Ended in China,,,,,,,,,,,,,,,,,,,,,,,,,,,,,,,,,,,,,,,,,,China,China,
Haowei Zhang,https://openalex.org/A5080515807,China,0,Affiliated with one country,Started and Ended in China,,,,,,,,,,,,,,,,,,,,,,,,,,,,,,,,,,,China,China,China,China,China,China,China,,China,
Haowen Luo,https://openalex.org/A5049311422,China,0,Affiliated with one country,Started and Ended in China,,,,,,,,,,,,,,,,,,,,,,,,,,,,,,,,,,,,,,,China,,China,China,China,China
Haoyu Lu,https://openalex.org/A5110986785,China,0,Affiliated with one country,Started and Ended in China,,,,,,,,,,,,,,,,,,,,,,,,,,,,,,,,,,China,,,,,,,China,China,China,
Haozhe Ji,https://openalex.org/A5020700222,China,0,Affiliated with one country,Started and Ended in China,,,,,,,,,,,,,,,,,,,,,,,China,,,,,,,,,,,,,China,,China,China,China,,China,,
Hengyun Zhang,https://openalex.org/A5001002241,China ---> Singapore ---> United States ---> Singapore ---> China ---> United States ---> China,2,Multinational Travel ---> China,Started and Ended in China (with travel in between),,,,,,,,,,,,,,,China,,,Singapore,Singapore,United States,Singapore,Singapore,Singapore,Singapore,Singapore,,China,United States,,,China,China,China,China,China,China,China,China,China,China,China,China,China,
Honghui Ding,https://openalex.org/A5113640093,China,0,Affiliated with one country,Started and Ended in China,,,,,,,,,,,,,,,,,,,,,,,,,,,China,China,China,,,China,China,China,,,China,,China,China,China,,China,
Hongjun Zhang,https://openalex.org/A5100330900,Taiwan ---> China ---> United States ---> China,1,Multinational Travel ---> China,"Started in Taiwan, Ended up in China",,,,,,Taiwan,,China,,,United States,China,,China,China,China,China,,China,,China,China,China,China,China,China,China,China,China,China,China,China,China,China,China,China,China,China,China,China,China,China,China,
Hongxuan Tang,https://openalex.org/A5072855790,China,0,Affiliated with one country,Started and Ended in China,,,,,,,,,,,,,,,,,,,,,,,,,,,,,,,,,,,,,,,,China,China,,China,
Huajian Xin,https://openalex.org/A5111038333,China,0,Affiliated with one country,Started and Ended in China,,,,,,,,,,,,,,,,,,,,,,,,,,,,,,,,,,,,,,,,,,China,,China
Huanqi Cao,https://openalex.org/A5016089490,United States ---> China,4,Multinational Travel ---> China,"Started in United States, Ended up in China",,,,,,,,,,,,,,,United States,United States,,United States,,United States,,,,,,,,,,,,,,,China,,China,China,China,China,China,China,,China
Huazuo Gao,https://openalex.org/A5102602497,United States,1,Affiliated with one country,Started and Ended in United States,,,,,,,,,,,,,,,,,,,,,,,,,,,,,,,,,,,,,,,,,,,United States,
Hui Li,https://openalex.org/A5100637295,China ---> United States ---> China ---> Brazil ---> China,1,Multinational Travel ---> China,Started and Ended in China (with travel in between),,,,,,,,,,,,,,,,,,,China,,China,,China,,China,China,China,China,China,China,United States,China,China,China,China,China,Brazil,China,China,China,China,China,China,
Hui Qu,https://openalex.org/A5067552573,China,0,Affiliated with one country,Started and Ended in China,,,,,,,,,,,,,,,,,,China,,,,,China,China,China,China,China,China,China,China,China,China,China,China,China,China,China,China,China,China,China,China,China,
Hui Qü,https://openalex.org/A5103147167,United States ---> China,1,Multinational Travel ---> China,"Started in United States, Ended up in China",,,,,,,,,,,,,,,,,,,,,,,,,,United States,China,China,China,China,China,China,China,,China,China,China,China,China,China,China,China,China,China
Hui Zeng,https://openalex.org/A5077369376,China,0,Affiliated with one country,Started and Ended in China,,,,,,,,,,,,,,,,,,,,,China,China,China,China,,China,China,China,China,China,China,China,China,China,China,China,China,China,China,China,China,China,China,China
Hui‐Qi Qu,https://openalex.org/A5082417323,China ---> United States ---> Canada ---> United States ---> China ---> United States ---> Iceland ---> United States ---> China ---> United States ---> China ---> United States,14,Multinational Travel ---> United States,"Started in China, Ended up in United States",,,,,,,,,,,,,,,,,,China,China,China,United States,,Canada,Canada,Canada,Canada,Canada,United States,United States,United States,United States,China,United States,United States,United States,United States,United States,Iceland,United States,China,United States,United States,China,United States
J. Wang,https://openalex.org/A5001098396,China,0,Affiliated with one country,Started and Ended in China,,,,,,,,,,,,,,,,,,,,,,,,,,,,,,,,,,,,China,,China,China,China,China,China,China,
Jiagang Tu,https://openalex.org/A5089007420,China ---> United States ---> China ---> United States ---> China,4,Multinational Travel ---> China,Started and Ended in China (with travel in between),,,,,,,,,,,,,,,,,,,,,,China,,,,,China,China,China,China,,United States,,United States,United States,China,United States,China,China,China,China,China,China,China
Jiali Cai,https://openalex.org/A5075973287,China,0,Affiliated with one country,Started and Ended in China,,,,,,,,,,,,,,,,,,,,,,,China,,China,China,China,China,China,China,China,China,China,China,China,China,China,China,China,China,China,China,China,
Jialiang Huang,https://openalex.org/A5103278071,China,0,Affiliated with one country,Started and Ended in China,,,,,,,,,,,,,,,,,,,,,,,China,,,,,,,,,,,,,China,China,China,China,China,China,China,,
Jian Liang,https://openalex.org/A5112183358,China ---> Singapore ---> China ---> Taiwan,0,Multinational Travel ---> Taiwan,"Started in China, Ended up in Taiwan",,,,,,,,,,,,,,,,,,,,,,,,,,,China,China,,Singapore,,,,,,,,,,,,China,Taiwan,
Jianzhong Guo,https://openalex.org/A5111161539,China ---> Australia,0,Multinational Travel ---> Australia,"Started in China, Ended up in Australia",,,,,,,,,,,,,,,,,,,,,,,China,,China,China,China,China,China,China,,China,,China,China,China,China,China,China,China,China,China,Australia,
Jiaqi Ni,https://openalex.org/A5019579257,The Netherlands ---> China ---> United States,1,Multinational Travel ---> United States,"Started in The Netherlands, Ended up in United States",,,,,,,,,,,,,,,,,,,,,,,,,,,,,,,,,,,,,,The Netherlands,China,,,,United States,
Jiashi Li,https://openalex.org/A5014851555,China ---> Japan ---> China ---> United States ---> China,1,Multinational Travel ---> China,Started and Ended in China (with travel in between),,,,,,,,,,,,,,,China,,Japan,Japan,China,,,,,,,,China,United States,,,,,,,,,China,,China,China,China,China,China,China
Jiaxin Xu,https://openalex.org/A5101299439,China,0,Affiliated with one country,Started and Ended in China,,,,,,,,,,,,,,,,,,,,,,,,,,,,,,,,,,,,,,,,,China,China,China,China
Jiewen Hu,https://openalex.org/A5030169073,United States,8,Affiliated with one country,Started and Ended in United States,,,,,,,,,,,,,,,,,,,,,,,,,,,,,,,,,,,,United States,United States,United States,United States,United States,United States,United States,United States,
Jin Chen,https://openalex.org/A5100689175,China ---> Japan ---> China ---> United States ---> China,1,Multinational Travel ---> China,Started and Ended in China (with travel in between),,,,,,,,,,,China,,China,Japan,,,China,China,,,China,,,,China,China,China,China,China,China,United States,China,China,China,China,China,China,China,China,China,China,China,China,China
Jing Chen,https://openalex.org/A5100394926,Japan ---> China ---> Canada ---> China ---> United States ---> Taiwan ---> China ---> Canada ---> China ---> United States ---> China,2,Multinational Travel ---> China,"Started in Japan, Ended up in China",,,,,Japan,,,,,,China,,,,,,,China,Canada,China,United States,Taiwan,,China,China,Canada,China,China,China,China,China,China,China,China,United States,China,China,China,China,China,China,China,China,
Jingchang Chen,https://openalex.org/A5003566311,China ---> Canada ---> China,0,Multinational Travel ---> China,Started and Ended in China (with travel in between),,,,,,,,,,,,,,,,,,,,,,China,China,,,China,China,China,,China,China,,China,China,,China,China,,China,China,China,Canada,China,
Jingjing Xiang,https://openalex.org/A5101651199,China,0,Affiliated with one country,Started and Ended in China,,,,,,,,,,,,,,,,,,,,,,,,,,China,,,,,,China,China,China,,China,China,China,China,China,China,China,China,
Jingxiang Sun,https://openalex.org/A5040066835,China,0,Affiliated with one country,Started and Ended in China,,,,,,,,,,,,,,,,,,,,,,,,,,,,,,,,,,,,,,,,China,,,,
Jingyang Yuan,https://openalex.org/A5113747152,China,0,Affiliated with one country,Started and Ended in China,,,,,,,,,,,,,,,,,,,,,,,,China,,,,China,,,,,,,,China,China,,,,China,China,China,
Jingyuan Cheng,https://openalex.org/A5007742979,China,0,Affiliated with one country,Started and Ended in China,,,,,,,,,,,,,,,,,,,,,,,,,,,,,,,,,,,,China,China,,,,,,,
Jinhua Zhu,https://openalex.org/A5102224739,China,0,Affiliated with one country,Started and Ended in China,,,,,,,,,,,,,,,,,,,,China,,,,,,,,,,,,,,,,,,,,,,,,
Jun Ran,https://openalex.org/A5029163663,China,0,Affiliated with one country,Started and Ended in China,,,,,,,,,,,,,,,,,,,,,,,,,,,,,China,,,,China,China,China,China,,China,China,China,China,China,China,
Junguang Jiang,https://openalex.org/A5101828204,China,0,Affiliated with one country,Started and Ended in China,,,,,,,,,,,,,,,,,,,,,,,,,,,,,,,,,,,,,China,,,China,,,,
Junjie Qiu,https://openalex.org/A5052869661,China ---> Switzerland ---> China,0,Multinational Travel ---> China,Started and Ended in China (with travel in between),,,,,,,,,,,,,,,,,,,,,,,,,,,,,,,,,,,China,China,China,China,China,China,China,Switzerland,China,
Junlong Li,https://openalex.org/A5100757072,China ---> United Kingdom ---> China ---> United Kingdom ---> China,0,Multinational Travel ---> China,Started and Ended in China (with travel in between),,,,,,,,,,,,,,,,,,,,,,,,,China,China,,,,,,,China,,China,,China,United Kingdom,China,China,United Kingdom,China,China,
Junxiao Song,https://openalex.org/A5008686458,South Korea ---> Hong Kong ---> China,0,Multinational Travel ---> China,"Started in South Korea, Ended up in China",,,,,,,,,,,,,,,,,,,,,,,,South Korea,,,,,,,Hong Kong,Hong Kong,Hong Kong,Hong Kong,,,,,,,China,,,
Kai Dong,https://openalex.org/A5102020713,China ---> Canada ---> China ---> Italy ---> Finland ---> China ---> Finland,0,Multinational Travel ---> Finland,"Started in China, Ended up in Finland",,,,,,,,,,,,,,,,,,,,,,,,,,China,China,China,,China,China,China,Canada,,China,China,China,,China,Italy,Finland,China,Finland,Finland
Kai Hu,https://openalex.org/A5101710153,Canada ---> China,0,Multinational Travel ---> China,"Started in Canada, Ended up in China",,,,,,,,,,,,,,,,,,,,,,,,,Canada,,,Canada,,Canada,,,,China,China,,,,,China,China,China,China,China
Kaichao You,https://openalex.org/A5016284649,China ---> United States,1,Multinational Travel ---> United States,"Started in China, Ended up in United States",,,,,,,,,,,,,,,,,,,,,,,,,,,,,,,,,,,,,China,China,China,China,China,China,United States,
Kaige Gao,https://openalex.org/A5002755981,China,0,Affiliated with one country,Started and Ended in China,,,,,,,,,,,,,,,,,,,,,,,,,,,,,,China,China,China,China,China,China,China,China,China,China,China,China,China,China,
Kang Guan,https://openalex.org/A5017301651,China,0,Affiliated with one country,Started and Ended in China,,,,,China,,China,,,China,,,,,,China,,China,,China,,,,,,,,China,China,China,China,China,China,China,China,China,China,China,China,China,China,China,China,
Kexin Huang,https://openalex.org/A5102892551,China,0,Affiliated with one country,Started and Ended in China,,,,,,,,,,,,,,,,,,,,,,,,China,,,,China,,China,China,,China,,,China,China,China,China,China,China,China,China,
Kexing Zhou,https://openalex.org/A5000718123,China,0,Affiliated with one country,Started and Ended in China,,,,,,,,,,,,,,,,,,,,,,,,,,,,,,,,,,,,,,,China,China,China,China,China,
Kezhao Huang,https://openalex.org/A5023674199,China,0,Affiliated with one country,Started and Ended in China,,,,,,,,,,,,,,,,,,,,,,,,,,,,,,,,,,,,,,,China,,,China,China,
Kuai Yu,https://openalex.org/A5022036537,China ---> Singapore ---> Netherlands ---> The Netherlands ---> France ---> United States ---> China ---> United States ---> China,3,Multinational Travel ---> China,Started and Ended in China (with travel in between),,,,,,,,,,,,,,,,,,,,,,,,,China,China,China,,Singapore,Netherlands,The Netherlands,France,United States,China,United States,United States,China,China,China,China,China,China,China,China
L. R. Ma,https://openalex.org/A5113319915,China,0,Affiliated with one country,Started and Ended in China,,,,,,,,,,,,,,,,,,,,,,,,,,,,,,,,,,,,,,,,,,China,China,
L. Xia,https://openalex.org/A5107939686,Australia ---> China ---> United Kingdom ---> China,0,Multinational Travel ---> China,"Started in Australia, Ended up in China",,,,,,,,,,,,,,,,,,,,,,,,,,,,,,,,,,,Australia,Australia,,China,United Kingdom,,,China,China,
L. Zhang,https://openalex.org/A5019771520,China ---> Italy ---> China,0,Multinational Travel ---> China,Started and Ended in China (with travel in between),,,,,,,,,,,,,,,,,,,,,,,,,,,,,China,China,,,,,Italy,,China,,,,,,,
Lean Wang,https://openalex.org/A5034611488,China,0,Affiliated with one country,Started and Ended in China,,,,,,,,,,,,,,,,,,,,,,,,,,,,,,,,,,,,,,,,,China,,China,
Lecong Zhang,https://openalex.org/A5068839714,China ---> United States,1,Multinational Travel ---> United States,"Started in China, Ended up in United States",,,,,,,,,,,,,,,,,,,,,,,,,,,,,,,,,,,,,,,,China,China,,United States,
Lei Wang,https://openalex.org/A5100435806,China,0,Affiliated with one country,Started and Ended in China,,,,,,,,,,,,,,,,,,,,,,,,,,China,China,China,China,China,China,China,China,China,China,China,China,,China,China,China,China,China,
Lei Xu,https://openalex.org/A5020790434,China ---> United States ---> China ---> United States ---> China ---> United Kingdom ---> China ---> Brunei ---> China,5,Multinational Travel ---> China,Started and Ended in China (with travel in between),,,,,,,,,,,,,,,,,,,China,,,United States,,China,China,China,China,United States,United States,United States,United States,,China,China,China,China,China,United Kingdom,China,China,China,Brunei,China,
Li Meng,https://openalex.org/A5103787770,China ---> United States ---> China ---> United States ---> China,2,Multinational Travel ---> China,Started and Ended in China (with travel in between),,,,,,,,,,,,,,,,,,,,,China,China,,,United States,China,United States,China,China,China,China,,,China,China,,China,China,China,China,China,China,China,China
Liang Zhao,https://openalex.org/A5101780128,China,0,Affiliated with one country,Started and Ended in China,,,,,,,,,,,,,,,,,China,,,,China,China,,,China,China,China,China,China,China,China,China,China,China,China,China,China,China,China,China,China,China,China,China
Liangsheng Yin,https://openalex.org/A5074614946,China,0,Affiliated with one country,Started and Ended in China,,,,,,,,,,,,,,,,,,,,,,,,,,,,,,,,,,China,,,China,,,,,,,
Lihua Guo,https://openalex.org/A5101908065,China,0,Affiliated with one country,Started and Ended in China,,,,,,,,,,,,,,,,,,,,,,,,,,,,,,China,,,,,,,,,China,China,China,China,China,
Lingxiao Luo,https://openalex.org/A5036387082,China,0,Affiliated with one country,Started and Ended in China,,,,,,,,,,,,,,,,,,,,,,,,,,,,,,,,,,,,,,China,,,China,,,
Litong Wang,https://openalex.org/A5103211182,China,0,Affiliated with one country,Started and Ended in China,,,,,,,,,,,,,,,,,,,,,,,,,,China,China,China,China,China,China,China,,China,China,China,China,China,China,China,China,China,China,
Liyue Zhang,https://openalex.org/A5101859634,China ---> United States ---> Canada ---> China,2,Multinational Travel ---> China,Started and Ended in China (with travel in between),,,,,,,,,,,,,,,,,,China,,,,,China,United States,United States,,Canada,Canada,Canada,Canada,China,,,,China,China,China,,China,China,China,China,China,China
Meng Li,https://openalex.org/A5101815738,China ---> United States ---> China ---> United States ---> China,2,Multinational Travel ---> China,Started and Ended in China (with travel in between),,,,,,,,,,,,,,,,,,,,,,,,,China,China,China,,China,China,China,China,China,United States,China,China,China,China,United States,China,China,China,China,China
Miaojun Wang,https://openalex.org/A5026325208,United States ---> China ---> United States ---> China,3,Multinational Travel ---> China,"Started in United States, Ended up in China",,,,,,,,,,,,,,,,,,,,,,United States,United States,,,,,China,,,,,China,China,China,,,,,United States,China,China,China,
Miaomiao Di,https://openalex.org/A5092740563,China,0,Affiliated with one country,Started and Ended in China,,,,,,,,,,,,,,,,,,,,,,,,,,,,,,,,,,,,,,,,,China,China,China,
Mingchuan Zhang,https://openalex.org/A5087014857,United States ---> China,3,Multinational Travel ---> China,"Started in United States, Ended up in China",,,United States,United States,,United States,,,,,,,,,,,China,China,China,China,China,China,China,China,China,China,China,China,China,China,China,China,China,China,China,China,China,China,China,China,China,China,China,China
Minghua Zhang,https://openalex.org/A5100737340,United States ---> China ---> United States ---> China ---> United States ---> China ---> United States,28,Multinational Travel ---> United States,Started and Ended in United States (with travel in between),,,,,,,,,United States,,,United States,United States,United States,United States,United States,,,United States,United States,United States,United States,United States,China,United States,United States,United States,United States,United States,China,United States,United States,United States,United States,United States,United States,United States,United States,United States,China,United States,United States,United States,
Minghui Tang,https://openalex.org/A5101876129,United States ---> China ---> United States ---> China ---> Japan ---> United Kingdom ---> China,6,Multinational Travel ---> China,"Started in United States, Ended up in China",,,,,,,,,,,,,,,,,,,,,,,United States,,United States,United States,China,United States,United States,United States,China,China,China,China,China,China,,,Japan,United Kingdom,China,China,China,
Mingjun Xu,https://openalex.org/A5101910351,China,0,Affiliated with one country,Started and Ended in China,,,,,,,,,,,,,,,,,,,,,,,,,,,,,,,,,China,China,,China,,,,,China,China,China,
Mingming Li,https://openalex.org/A5100338776,China ---> United Kingdom ---> China,0,Multinational Travel ---> China,Started and Ended in China (with travel in between),,,,,,,,,,,,,,,,,,,,,,,,,,,,,,,China,China,China,,,China,China,,,China,United Kingdom,China,China,
Mingxu Zhou,https://openalex.org/A5032538237,China,0,Affiliated with one country,Started and Ended in China,,,,,,,,,,,,,,,,,,,,,,,,,,,,,,China,China,China,China,China,,China,China,China,China,China,China,China,China,
Ni Jiang,https://openalex.org/A5112209435,China,0,Affiliated with one country,Started and Ended in China,,,,,,,,,,,,,,China,,,,China,China,China,,,China,China,China,China,,China,China,China,,China,China,China,China,China,China,China,China,China,China,China,China,China
Ning Tian,https://openalex.org/A5053537379,China ---> Bulgaria ---> China,0,Multinational Travel ---> China,Started and Ended in China (with travel in between),,,,,,,,,,,,,,,,,,,,,,,,,,,,,,,,,,,,,,,,China,China,Bulgaria,China,
Panpan Huang,https://openalex.org/A5053679681,United States,1,Affiliated with one country,Started and Ended in United States,,,,,,,,,,,,,,,,,,,,,,,,,,,,,,,,,,,United States,,,,,,,,,
Pei Tian,https://openalex.org/A5101862808,China ---> United States ---> China,1,Multinational Travel ---> China,Started and Ended in China (with travel in between),,,,,,,,,,,,,,,China,United States,,,,,,China,,China,,China,China,China,China,China,China,China,China,China,China,China,China,China,China,China,China,China,China,
Peixin Cong,https://openalex.org/A5054102678,China,0,Affiliated with one country,Started and Ended in China,,,,,,,,,,,,,,,,,,,,,,,,,,,,,,,,,,,,,,,China,China,China,China,China,
Peiyi Wang,https://openalex.org/A5058808692,Russia ---> United States ---> United Kingdom ---> United States ---> United Kingdom ---> China ---> Taiwan ---> China ---> Russia ---> China,2,Multinational Travel ---> China,"Started in Russia, Ended up in China",,,,,,,,,,,,,,Russia,United States,,,United Kingdom,United States,,United Kingdom,United Kingdom,,,,United Kingdom,,China,China,Taiwan,China,China,China,China,China,Russia,China,China,China,China,China,China,China,China
Peng Zhang,https://openalex.org/A5100364050,Taiwan ---> China ---> Hong Kong ---> China ---> Australia ---> China,0,Multinational Travel ---> China,"Started in Taiwan, Ended up in China",,,,,,,,,,,,,,,,,,,,Taiwan,Taiwan,China,Hong Kong,China,China,China,China,China,Australia,China,China,China,China,China,China,China,China,China,China,China,China,China,China,
Qiancheng Wang,https://openalex.org/A5009091910,China ---> United Kingdom ---> China,0,Multinational Travel ---> China,Started and Ended in China (with travel in between),,,,,,,,,,,,,,,,,,,,,,,,,,,,,,,China,China,China,China,China,China,China,United Kingdom,China,China,China,China,China,
Qihao Zhu,https://openalex.org/A5047271595,China ---> United States ---> China,1,Multinational Travel ---> China,Started and Ended in China (with travel in between),,,,,,,,,,,China,,,,,,,,,,,,,,,,,,,,,,United States,,,China,China,China,China,China,China,China,China,
Qingyang Li,https://openalex.org/A5100700135,United States ---> China ---> Canada ---> China ---> Canada,1,Multinational Travel ---> Canada,"Started in United States, Ended up in Canada",,,,,,,,,,,,,,,,,,,,,,,,,,,,,,,United States,,,,,,China,China,Canada,Canada,,Canada,China,Canada
Qinyu Chen,https://openalex.org/A5101682928,China ---> United States ---> China,6,Multinational Travel ---> China,Started and Ended in China (with travel in between),,,,,,,,,,,,,,,,,,,,,,,,,,,,,,,,,,China,United States,United States,United States,United States,United States,United States,China,,China,
Qiushi Du,https://openalex.org/A5100915390,China,0,Affiliated with one country,Started and Ended in China,,,,,,,,,,,,,,,,,,,,,,,,,,,China,China,China,,China,,China,,,,,China,,China,,,China,
R. J. Chen,https://openalex.org/A5112374713,China,0,Affiliated with one country,Started and Ended in China,,,,,,,,,,,,,,,,,,,,,,,,,,,,,,,,,,,,China,,,,,,,China,
R. Xu,https://openalex.org/A5107918038,United States ---> China ---> United States,4,Multinational Travel ---> United States,Started and Ended in United States (with travel in between),,,,,,,,,,,,,,,,,,,,,,,,,,,,,,,,,,,,,,,United States,United States,,United States,China,United States
Renyuan Xu,https://openalex.org/A5068576165,United States ---> United Kingdom ---> United States,6,Multinational Travel ---> United States,Started and Ended in United States (with travel in between),,,,,,,,,,,,,,,,,,,,,,,,,,,,,,,,,,,,United States,United States,United States,United Kingdom,United Kingdom,United States,United States,United States,
Rong Jin,https://openalex.org/A5109083484,United States ---> South Korea ---> China ---> Israel ---> China,1,Multinational Travel ---> China,"Started in United States, Ended up in China",,,,,,,,,,,,United States,,,,,,,,,,,,South Korea,,,,,,,China,,,,China,,China,,,,Israel,,China,
Rongfeng Shen,https://openalex.org/A5046778736,China,0,Affiliated with one country,Started and Ended in China,,,,,,,,,,,,,,,,,,,,,,,,,,,,,,,,,,,China,,,,,,,,China,
Ruiqi Ge,https://openalex.org/A5029083198,China ---> Thailand ---> China,0,Multinational Travel ---> China,Started and Ended in China (with travel in between),,,,,,,,,,,,,,,,,,,,,,,,,,,,,,,,,,,,,,,China,Thailand,China,China,China,
Ruisong Zhang,https://openalex.org/A5048832336,China,0,Affiliated with one country,Started and Ended in China,,,,,,,,,,,,,,,,,,,,,,,,,,,,,,,,,,,,China,,,,China,China,China,China,China
Ruixue Yin,https://openalex.org/A5023296542,China ---> Canada ---> China ---> Canada ---> China ---> Canada ---> China ---> United Kingdom,0,Multinational Travel ---> United Kingdom,"Started in China, Ended up in United Kingdom",,,,,,,,,,,,,,,,,,,,,,,,,,,China,China,China,China,China,China,China,Canada,China,Canada,China,China,Canada,China,China,China,United Kingdom,
Rui‐Le Pan,https://openalex.org/A5008212048,China,0,Affiliated with one country,Started and Ended in China,,,,,,,,,,,,,,,,,,,,China,China,China,,,China,,China,China,,,China,China,China,China,China,China,China,China,China,China,China,China,China,
Runji Wang,https://openalex.org/A5024300524,China,0,Affiliated with one country,Started and Ended in China,,,,,,,,,,,,,,,,,,,,,,,,,,,,,,,,,,,,,,China,,China,,,China,
Runxin Xu,https://openalex.org/A5023594937,United States ---> China ---> United Kingdom ---> China ---> United Kingdom ---> China,1,Multinational Travel ---> China,"Started in United States, Ended up in China",,,,,,,,,,,,,,,,,,,,,,,,,,,,,,,,,,,,,,United States,China,United Kingdom,China,United Kingdom,China,
Ruoyu Zhang,https://openalex.org/A5034697076,United States ---> China,6,Multinational Travel ---> China,"Started in United States, Ended up in China",,,,,,,,,,,,,,,,,,,,,,,,,,,,,United States,,,,,United States,United States,United States,United States,United States,China,China,,China,China,
Ruyi Chen,https://openalex.org/A5036645286,China,0,Affiliated with one country,Started and Ended in China,,,,,,,,,,,,,,,,,,,,,,,,,,,,,,,,,,,,,,China,,,,,China,
S. H. Liu,https://openalex.org/A5072626432,Taiwan,0,Affiliated with one country,Started and Ended in Taiwan,,,,,,,,,,,,,,,,,,,,,Taiwan,,,,,,,,,,,,,,,,,,,,,,,
S. S. Li,https://openalex.org/A5016620334,United States ---> China,1,Multinational Travel ---> China,"Started in United States, Ended up in China",,,,,,,,,,,,,,,,,,,,,,,,,,,,,,,,,,,,,,,,,,,United States,China
S. S. Sun,https://openalex.org/A5103793201,China ---> Germany ---> China,0,Multinational Travel ---> China,Started and Ended in China (with travel in between),,,,,,,,,,,,,,,,,,,,,,,,,,,,,,China,China,Germany,China,,China,,China,China,,China,,China,China,
Sansan Li,https://openalex.org/A5010956082,China,0,Affiliated with one country,Started and Ended in China,,,,,,,,,,,,,,,,,,,,,,,,,,,,,China,,China,,,China,,China,,China,China,China,China,China,China,China
Shanghao Lu,https://openalex.org/A5101289776,United States,1,Affiliated with one country,Started and Ended in United States,,,,,,,,,,,,,,,,,,,,,,,,,,,,,,,,,,,,,,,,,,,United States,
Shangrong Li,https://openalex.org/A5002461029,China ---> United States ---> China ---> Slovakia,1,Multinational Travel ---> Slovakia,"Started in China, Ended up in Slovakia",,,,,,,,,,,,,,China,,China,,,,,,China,,China,China,China,China,China,China,China,China,China,China,China,China,China,China,China,China,China,United States,China,China,Slovakia
Shangyan Zhou,https://openalex.org/A5035849215,China ---> Poland,0,Multinational Travel ---> Poland,"Started in China, Ended up in Poland",,,,,,,,,,,,,,,,,,,,,,,,,,,,,,,,,,China,,,,,,,,,China,Poland
Shanhuang Chen,https://openalex.org/A5046105992,United States,1,Affiliated with one country,Started and Ended in United States,,,,,,,,,,,,,,,,,,,,,,,,,,,,,,,,,,,,,,,,,,,United States,
Shaofei Cai,https://openalex.org/A5074233262,China,0,Affiliated with one country,Started and Ended in China,,,,,,,,,,,,,,,,,,,,,,,,,,,,,,,,,,,,,China,China,China,China,China,China,China,China
Shaoqing Wu,https://openalex.org/A5101533376,Taiwan ---> China ---> United States ---> China,1,Multinational Travel ---> China,"Started in Taiwan, Ended up in China",,,,,,,,,,,,,,,Taiwan,,,,,,,China,,China,,,,,China,,,China,China,China,United States,China,China,China,,China,China,China,China,
Shaoyuan Chen,https://openalex.org/A5102307049,China,0,Affiliated with one country,Started and Ended in China,,,,,,,,,,,,,,,,,,,,,,,,China,,,,,,,,China,China,,,China,,China,,,China,China,China,
Shengding Hu,https://openalex.org/A5010557815,China ---> South Korea ---> China,0,Multinational Travel ---> China,Started and Ended in China (with travel in between),,,,,,,,,,,,,,,,,,,,,,,,,,,,,,,,,,,,,,China,South Korea,China,China,China,China,
Shengfeng Ye,https://openalex.org/A5030693568,China ---> United Kingdom ---> China,0,Multinational Travel ---> China,Started and Ended in China (with travel in between),,,,,,,,,,,,,,,,,,,,,,,,China,China,,,,China,China,,China,,,,,,China,China,China,China,United Kingdom,China,
Shengyu Liu,https://openalex.org/A5004265996,China,0,Affiliated with one country,Started and Ended in China,,,,,,,,,,,,,,,,,,,,,,,,,,,,,,,China,,,,China,China,,,,,,China,China,
Shiqiang Hu,https://openalex.org/A5101413296,China,0,Affiliated with one country,Started and Ended in China,,,,,,,,,,,,,,,,,,,,,,,,,,,,,,,,,,,China,,,,,China,,,,China
Shirong Ma,https://openalex.org/A5057030499,China,0,Affiliated with one country,Started and Ended in China,,,,,,,,,,,,,,,,,,,,,,,,China,China,China,China,,China,,China,China,,China,,China,China,,China,China,China,China,China,
Shiyu Wang,https://openalex.org/A5100437635,China ---> Japan,0,Multinational Travel ---> Japan,"Started in China, Ended up in Japan",,,,,,,,,,,,,,,,,,,,,,,,,,,,,,,,,China,,China,China,China,China,China,China,China,China,Japan,
Shuang Zhou,https://openalex.org/A5101508494,China,0,Affiliated with one country,Started and Ended in China,,,,,,,,,,,,,,,,,,,,,,,,,,,,,,,,,China,,China,China,China,,,,,,China,
Shuiping Yu,https://openalex.org/A5000029432,China,0,Affiliated with one country,Started and Ended in China,,,,,,,,,,,,,,,,,,,,,,,,,,,,,China,,China,China,China,China,China,China,China,China,,China,China,China,China,
Shunfeng Zhou,https://openalex.org/A5045996355,China,0,Affiliated with one country,Started and Ended in China,,,,,,,,,,,,,,,,,,,,,,,,,,,,,,,,,,China,China,,,,,,,,,
Shuting Pan,https://openalex.org/A5113628365,China ---> United States,1,Multinational Travel ---> United States,"Started in China, Ended up in United States",,,,,,,,,,,,,,,,,,,,,,,,,,,,,,,,,China,,,,,,,,,,United States,
Tao Ni,https://openalex.org/A5110445732,China,0,Affiliated with one country,Started and Ended in China,,,,,,,,,,,,,,,,,,,,,,,,,,,,China,China,,China,,,China,,China,,China,China,China,China,,China,
Tao Yun,https://openalex.org/A5102213433,China ---> United States ---> China ---> Macao ---> China,1,Multinational Travel ---> China,Started and Ended in China (with travel in between),,,,,,,China,,,,,,,,,,,,,United States,China,China,,China,China,,China,China,China,China,China,,China,China,,Macao,China,,China,China,China,China,China,
Tianfu Wang,https://openalex.org/A5046543349,China ---> United States ---> China ---> United States ---> China ---> United States ---> China,5,Multinational Travel ---> China,Started and Ended in China (with travel in between),,,,,,,,,,,China,,,,,United States,,,China,,United States,United States,United States,China,China,China,China,China,China,China,China,United States,China,China,China,China,China,China,China,China,China,China,China,China
Tianli Yue,https://openalex.org/A5040091190,Canada ---> United States ---> United Kingdom ---> United States ---> China ---> United States ---> Pakistan ---> China ---> United States ---> China,13,Multinational Travel ---> China,"Started in Canada, Ended up in China",Canada,Canada,,Canada,,,,United States,United States,United States,United States,United States,United States,United States,United States,United States,United Kingdom,United States,United States,China,United States,Pakistan,China,China,China,United States,China,China,China,China,China,China,China,China,China,China,China,China,China,China,China,China,China,
Tianyu Sun,https://openalex.org/A5015475948,China,0,Affiliated with one country,Started and Ended in China,,,,,,,,,,,,,,,,,,,,,,,,,,,,,,,,,,,,,,,,,,China,China,
Ting Wang,https://openalex.org/A5100428022,Germany ---> United States ---> China ---> United States ---> China,2,Multinational Travel ---> China,"Started in Germany, Ended up in China",,,,,,,,,,,,,,,,,,,,,,,,Germany,United States,China,China,China,China,China,China,China,China,China,China,United States,China,China,China,China,China,China,China,China
Tong Wang,https://openalex.org/A5100451016,China ---> United States ---> China ---> United States ---> China ---> United States ---> China,7,Multinational Travel ---> China,Started and Ended in China (with travel in between),,,,,,,,,,,,,,,,,,,,,,,China,United States,United States,United States,China,China,United States,United States,United States,China,China,China,China,China,China,China,China,United States,China,China,China,China
Tong Wu,https://openalex.org/A5101994749,China,0,Affiliated with one country,Started and Ended in China,,,,,,,,,,,,,,,,,,,,,,,,China,,China,China,China,China,China,China,China,China,China,China,China,China,China,China,China,China,China,China,
Tongzheng Ren,https://openalex.org/A5055015446,China ---> United States,5,Multinational Travel ---> United States,"Started in China, Ended up in United States",,,,,,,,,,,,,,,,,,,,,,,,,,,,,,,,,,,,China,China,United States,United States,United States,United States,,United States,
Wangding Zeng,https://openalex.org/A5049532529,China,0,Affiliated with one country,Started and Ended in China,,,,,,,,,,,,,,,,,,,,,,,,,,,,,,,,,,,,,,,China,,,China,China,
Wanjia Zhao,https://openalex.org/A5112946948,China ---> United States,1,Multinational Travel ---> United States,"Started in China, Ended up in United States",,,,,,,,,,,,,,,,,,,,,,,,,,,,,,,,,,,China,,,,,,China,,United States,
Wei An,https://openalex.org/A5021639941,China ---> United States ---> China ---> Poland ---> China ---> Russia ---> China,1,Multinational Travel ---> China,Started and Ended in China (with travel in between),,,,,,,,,,,China,,,,,,China,,China,China,,United States,,China,China,China,China,China,China,China,Poland,Poland,China,China,China,China,China,China,Russia,China,China,China,China,China
Wei Guang An,https://openalex.org/A5110037798,United States ---> China,1,Multinational Travel ---> China,"Started in United States, Ended up in China",,,,,,,,,,,,,,,,,,,United States,,,,,China,,China,,China,China,China,China,China,,,China,,,,,,China,,China,
Wen Liu,https://openalex.org/A5100320278,Taiwan ---> China ---> Singapore ---> China ---> United States ---> China ---> Japan ---> China,2,Multinational Travel ---> China,"Started in Taiwan, Ended up in China",,,,,,,,,,,,,,,,,,,,,,,Taiwan,China,Singapore,China,China,China,United States,United States,China,China,,Japan,China,China,China,China,China,China,China,China,China,
Wenfeng Liang,https://openalex.org/A5009435651,United States ---> China ---> United States ---> China,5,Multinational Travel ---> China,"Started in United States, Ended up in China",,,,,,,,,,,United States,United States,United States,United States,,,,,,,,,,,,China,China,China,China,China,China,China,China,United States,China,China,China,China,China,China,China,China,China,
Wenjie Hu,https://openalex.org/A5101521918,China ---> United Kingdom ---> China ---> United States ---> China ---> United States,2,Multinational Travel ---> United States,"Started in China, Ended up in United States",,,,,,,,,,,,,,,,,,,,China,,,,,,United Kingdom,China,China,,,,,China,China,China,China,United States,China,China,China,China,China,United States,
Wenjie Pang,https://openalex.org/A5049920338,China,0,Affiliated with one country,Started and Ended in China,,,,,,,,,,,,,,,,,,,,,,,,,,,,,,,,,,China,,,,,,,,,,
Wenjing Luo,https://openalex.org/A5102068638,United States ---> China,1,Multinational Travel ---> China,"Started in United States, Ended up in China",,,,,,,,,,,,,,,,,,,,,,,,,,,,,,,,,,,,United States,China,,China,China,,China,China,
Wenjun Gao,https://openalex.org/A5076999126,China ---> Singapore ---> Denmark ---> Hong Kong ---> China,0,Multinational Travel ---> China,Started and Ended in China (with travel in between),,,,,,,,,,,,,,,China,,,,,,China,,,,China,China,China,China,China,,China,China,China,China,China,China,China,Singapore,Denmark,,Hong Kong,China,China,
Wenjun Liu,https://openalex.org/A5052333801,China ---> United States ---> China ---> Canada ---> United States ---> China ---> United States ---> China ---> South Korea ---> United States ---> China,5,Multinational Travel ---> China,Started and Ended in China (with travel in between),,,,,,,,,,,,China,United States,,China,Canada,Canada,United States,China,China,China,United States,United States,China,China,China,China,South Korea,United States,China,China,China,China,China,China,China,China,China,China,China,China,China,China,China
Wenlian Xiao,https://openalex.org/A5001162491,China,0,Affiliated with one country,Started and Ended in China,,,,,,,,,,,,,,,,,,,,,,,,,,China,China,China,China,China,China,China,China,China,China,,China,,China,China,China,China,China,
Wenqin Yu,https://openalex.org/A5082678890,China,0,Affiliated with one country,Started and Ended in China,,,,,,,,,,,,,,,,,,,,,,,,,,,,,,,,,,,,,China,,,,,China,,
Wentao Zhang,https://openalex.org/A5008772211,China ---> New Zealand ---> China ---> Spain ---> China,0,Multinational Travel ---> China,Started and Ended in China (with travel in between),,,,,,,,,,,,,,,,,,,China,,,,,,China,,China,,China,China,New Zealand,China,China,,China,China,China,China,China,Spain,China,China,China,China
Wenzhao Liu,https://openalex.org/A5085927257,United Kingdom ---> United States ---> United Kingdom ---> China ---> Denmark ---> China,1,Multinational Travel ---> China,"Started in United Kingdom, Ended up in China",,,,,,,,,,,,,United Kingdom,United Kingdom,,,United States,United Kingdom,,China,China,China,China,China,China,China,China,China,China,China,China,China,China,China,China,China,China,China,Denmark,Denmark,China,China,China,China
Wen‐Jun Gao,https://openalex.org/A5021175176,United States ---> China ---> United States ---> China ---> Hong Kong ---> China ---> Hong Kong,19,Multinational Travel ---> Hong Kong,"Started in United States, Ended up in Hong Kong",,,,,,,,,,,,,,,,,United States,United States,,,United States,China,United States,United States,,United States,United States,United States,United States,United States,United States,United States,United States,United States,United States,United States,United States,United States,United States,China,Hong Kong,China,Hong Kong,
X. Q. Li,https://openalex.org/A5006875159,China ---> United States,1,Multinational Travel ---> United States,"Started in China, Ended up in United States",,,,,,,,,,,,,,,,,,,,,,,,,,,,China,China,China,,,,,,,,,,,,China,United States,
X. Y. Shan,https://openalex.org/A5059343948,China ---> Italy ---> China,0,Multinational Travel ---> China,Started and Ended in China (with travel in between),,,,,,,,,,,,,,,,,,,,,,,,,,,,,,,,,,,,China,China,,China,China,China,Italy,China,
X.-J Su,https://openalex.org/A5111734260,China ---> United States ---> China,2,Multinational Travel ---> China,Started and Ended in China (with travel in between),,,,,,,,,,,,,,,,,,China,,,China,,,China,China,China,China,,,China,China,,China,,China,,,,,United States,United States,,China,
X.G. Wang,https://openalex.org/A5002303194,China ---> United States,1,Multinational Travel ---> United States,"Started in China, Ended up in United States",,,,,,,,,,,,,,,,,,,,,,,,,,,,,,,,,,,,,,,,,,China,United States,
Xiangwen Wang,https://openalex.org/A5103138406,China ---> United States ---> China ---> United States ---> China,3,Multinational Travel ---> China,Started and Ended in China (with travel in between),,,,,,,,,,,,,,,,,,,,,,,China,,China,China,China,,United States,United States,China,China,China,China,United States,China,China,China,China,China,China,China,China,
Xiao Bi,https://openalex.org/A5091346174,China,0,Affiliated with one country,Started and Ended in China,,,,,,,,,,,,,,,,,,,,,China,,,,,,,,,,,,,,China,,,,,,,,China,
Xiao Guo Bi,https://openalex.org/A5101289775,China,0,Affiliated with one country,Started and Ended in China,,,,,,,,,,,,,,,,,,,,,,,,,,,,,China,China,China,,,,,,,China,,,,,,
Xiao-Wen Sun,https://openalex.org/A5111723503,China,0,Affiliated with one country,Started and Ended in China,,,,,,,,,,,,,,,,,,,,,,,China,,,,,,China,China,China,China,,,,,China,,,,,China,,China
XiaoGang Bi,https://openalex.org/A5073381172,United Kingdom ---> China ---> United Kingdom ---> China ---> United Kingdom ---> China,0,Multinational Travel ---> China,"Started in United Kingdom, Ended up in China",,,,,,,,,,,,,,,,,,,,,,,,,,,United Kingdom,United Kingdom,China,United Kingdom,China,China,China,United Kingdom,China,China,China,,China,,China,,China,
Xiaodong Liu,https://openalex.org/A5100374771,China ---> United States ---> United Kingdom ---> China ---> Japan ---> China ---> Japan ---> China ---> United Kingdom ---> China ---> United States ---> China ---> United States,3,Multinational Travel ---> United States,"Started in China, Ended up in United States",,,,,,,,,,,,,,,,China,United States,United Kingdom,,China,China,China,China,China,China,China,China,Japan,China,China,Japan,China,China,China,China,China,United Kingdom,China,China,United States,China,China,United States,
Xiaohan Wang,https://openalex.org/A5056359676,China,0,Affiliated with one country,Started and Ended in China,,,,,,,,,,,,,,,,,,,,,,,,,,,,,,,,,,,,,,,,China,China,China,China,China
Xiaojin Shen,https://openalex.org/A5111323358,China ---> United States,1,Multinational Travel ---> United States,"Started in China, Ended up in United States",,,,,,,,,,,,,,,,,,,,,,,,,,,,,,,,,,,,,,China,,,China,,United States,
Xiaokang Chen,https://openalex.org/A5101412831,China ---> Japan ---> China,0,Multinational Travel ---> China,Started and Ended in China (with travel in between),,,,,,,,,,,,,,,,,,,,,,,,,,,,,China,,,,,,,China,,Japan,China,China,China,China,China,
Xiaokang Zhang,https://openalex.org/A5048566877,China ---> United States,1,Multinational Travel ---> United States,"Started in China, Ended up in United States",,,,,,,,,,,,,,,,,,,,,,,,,,,,,,,,,,,,,,,,,China,,United States,
Xiaosha Chen,https://openalex.org/A5036491343,China,0,Affiliated with one country,Started and Ended in China,,,,,,,,,,,,,,,,,,,,,,,,,,,,,,,,,,,,China,China,China,China,,China,China,China,China
Xiaotao Nie,https://openalex.org/A5113091615,China ---> Japan ---> United States,1,Multinational Travel ---> United States,"Started in China, Ended up in United States",,,,,,,,,,,,,,,,,,,,,,,,,,,,,,China,China,,,,,China,,,Japan,,,,United States,
Xiaowen Sun,https://openalex.org/A5104180229,United Kingdom ---> China,0,Multinational Travel ---> China,"Started in United Kingdom, Ended up in China",,,,,,,,,,,,,,,,,,,,,,,,,,,,,,,,,,,,,,,,,United Kingdom,China,China,China
Xiaoxiang Wang,https://openalex.org/A5100679200,Japan ---> China ---> United States ---> China,1,Multinational Travel ---> China,"Started in Japan, Ended up in China",,,,,,,,,,,,,,,,,Japan,China,,,,,China,,China,China,China,China,China,China,China,,China,China,United States,China,China,China,China,China,China,China,China,
Xin Cheng,https://openalex.org/A5100692497,China,0,Affiliated with one country,Started and Ended in China,,,,,,,,,,,,,,,,,,,,,,,China,,,,,China,,,,,,,China,,,,China,China,China,China,China,
Xin Jin,https://openalex.org/A5070066511,United States ---> China ---> United States ---> Belgium ---> China ---> Belgium ---> China,2,Multinational Travel ---> China,"Started in United States, Ended up in China",,,,,,,,,,,,,,,United States,,,,China,,,China,China,,China,China,China,,China,China,China,China,China,China,China,China,China,China,China,United States,Belgium,China,Belgium,China
Xin Liu,https://openalex.org/A5115601909,China,0,Affiliated with one country,Started and Ended in China,,,,,,,,,,,,,,,,,,,,,,,,,,,,,,,,,,,,,,,,,,China,,
Xin Xie,https://openalex.org/A5101584148,United States ---> China ---> Germany ---> China,1,Multinational Travel ---> China,"Started in United States, Ended up in China",,,,,,,,,,,,United States,,,,,,,,,,China,Germany,China,China,,,,China,China,China,China,China,China,China,China,China,China,China,China,China,China,China,China
Xingchao Liu,https://openalex.org/A5024864770,China ---> United States ---> China,4,Multinational Travel ---> China,Started and Ended in China (with travel in between),,,,,,,,,,,,,,,,,,,,,,,China,,,,,,China,China,,,China,China,China,China,China,China,United States,United States,United States,United States,China,China
Xingkai Yu,https://openalex.org/A5100608388,China,0,Affiliated with one country,Started and Ended in China,,,,,,,,,,,,,,,,,,,,,,,,,,,,,,,,,,,,China,China,China,China,China,China,China,China,
Xingyou Li,https://openalex.org/A5110532585,China,0,Affiliated with one country,Started and Ended in China,,,,,,,,,,,,,,,,,,,,,,,,,,,,,,,,,,,China,,China,China,China,China,China,China,China,
Xinnan Song,https://openalex.org/A5090535931,China ---> United States,1,Multinational Travel ---> United States,"Started in China, Ended up in United States",,,,,,,,,,,,,,,,,,,,,,,,China,,,,,,,,,,,,,,China,,,,,United States,
Xinqiao Li,https://openalex.org/A5011875889,China ---> Taiwan ---> China,0,Multinational Travel ---> China,Started and Ended in China (with travel in between),,,,,,,China,Taiwan,China,,China,China,,China,,China,China,China,China,,China,China,China,China,,,,China,China,China,China,China,China,China,China,China,China,China,China,China,China,China,China,China
Xinyi Zhou,https://openalex.org/A5111292232,China,0,Affiliated with one country,Started and Ended in China,,,,,,,,,,,,,,,,,,,,,,,,,,,,,,,,,,,,,,,China,,,China,China,
Xinyu Yang,https://openalex.org/A5055963260,United States ---> China,2,Multinational Travel ---> China,"Started in United States, Ended up in China",,,,,,,,,,,,,,,,,,,,,United States,,United States,,,,,,,China,,,China,China,China,China,China,China,China,China,China,China,China,
Xinyuan Li,https://openalex.org/A5100663165,China ---> Nepal ---> China,0,Multinational Travel ---> China,Started and Ended in China (with travel in between),,,,,,,,,,,,,,,,,,,,,,,,,,,,,,,,,,,China,China,China,China,,Nepal,China,,China,
Xiqi Gao,https://openalex.org/A5050692023,China ---> United States ---> China ---> United States ---> China,3,Multinational Travel ---> China,Started and Ended in China (with travel in between),,,,,,,,,,,,,China,China,China,China,China,China,China,China,China,China,China,China,China,China,China,China,China,China,China,China,China,China,China,United States,United States,China,China,China,United States,China,China,China
Xu Chen,https://openalex.org/A5101779008,China ---> Czechia ---> United States ---> China,1,Multinational Travel ---> China,Started and Ended in China (with travel in between),,,,,,,,,,,,,,,,,,,,,,,,,,,China,China,,,China,China,,Czechia,,,United States,China,China,China,China,China,China,
Xuan Lü,https://openalex.org/A5052404451,The Netherlands ---> China,0,Multinational Travel ---> China,"Started in The Netherlands, Ended up in China",,,,,,,,,,,,,,,,,,,,The Netherlands,,,,China,,,,China,China,,China,China,China,China,China,China,China,China,China,China,China,China,China,China
Xuehai Pan,https://openalex.org/A5001682354,China,0,Affiliated with one country,Started and Ended in China,,,,,,,,,,,,,,,,,,,,,,,,,,,,,China,China,China,,,,,,,,,China,,,China,
Xuheng Lin,https://openalex.org/A5102457348,China ---> United States,1,Multinational Travel ---> United States,"Started in China, Ended up in United States",,,,,,,,,,,,,,,,,,,,,,,,,,,,,,,,,,,,,China,,,,,,United States,
Xun Shen,https://openalex.org/A5024027579,Taiwan ---> China ---> Czechia ---> China ---> Japan ---> United States ---> China ---> Japan ---> China ---> Japan,1,Multinational Travel ---> Japan,"Started in Taiwan, Ended up in Japan",,Taiwan,,,,,,,China,Czechia,China,China,,,China,China,China,China,China,,China,,China,China,China,China,China,China,China,Japan,United States,China,Japan,Japan,China,Japan,Japan,Japan,Japan,Japan,Japan,Japan,Japan,
Xuwei Fu,https://openalex.org/A5040119265,China,0,Affiliated with one country,Started and Ended in China,,,,,,,,,,,,,,,,,,,,,,,,,,,,,,,,,,China,China,,,China,China,China,China,,,
Y Yang,https://openalex.org/A5089392575,China,0,Affiliated with one country,Started and Ended in China,,,,,,,,,,,,,,,,,,,,,,,,,,,,,,,,,China,China,,,,China,,China,China,China,China,
Y. K. Li,https://openalex.org/A5079729956,China,0,Affiliated with one country,Started and Ended in China,,,,,,,,,,,,,,,,,,,,,,,,,,,,,,,,,,,,,,,,China,,China,China,
Y. Li,https://openalex.org/A5016482908,China,0,Affiliated with one country,Started and Ended in China,,,,,,,,,,,,,,,,,,,,,,,,,,,China,China,China,China,,,China,,China,,China,,China,,,China,China,
Y. Ma,https://openalex.org/A5107930819,United States ---> United Kingdom ---> Russia ---> Japan ---> Australia ---> United Kingdom ---> Australia ---> Germany ---> China ---> United Kingdom ---> United States ---> China,3,Multinational Travel ---> China,"Started in United States, Ended up in China",,,,,,,,,,,,,,,,,,,,,,,,,,,,United States,United Kingdom,Russia,Japan,,,Australia,United Kingdom,Australia,Australia,Germany,China,China,United Kingdom,United States,United States,China
Y. Q. Wang,https://openalex.org/A5022368707,China,0,Affiliated with one country,Started and Ended in China,,,,,,,,,,,,,,,,,,,,,,,,,,,,,,,,,China,,China,,,,,,,,,
Yajie Zou,https://openalex.org/A5071113267,United States ---> China ---> United Kingdom ---> China,6,Multinational Travel ---> China,"Started in United States, Ended up in China",,,,,,,,,,,,,,,,,,,,,,,,,,,United States,,United States,United States,United States,United States,United States,China,China,China,China,China,China,China,China,United Kingdom,China,
Yang Dejian,https://openalex.org/A5044040772,China ---> United Kingdom,0,Multinational Travel ---> United Kingdom,"Started in China, Ended up in United Kingdom",,,,,,,,,,,,,,,,,,,,,,,,,,,,,,,,China,,,,,,,China,,,,United Kingdom,United Kingdom
Yang Zhang,https://openalex.org/A5065385441,China,0,Affiliated with one country,Started and Ended in China,,,,,,,,,,,,,,,,,,,,,,,,,,,China,China,China,,,,,China,,,,China,,,,China,China,
Yangjie Ou,https://openalex.org/A5028036445,China,0,Affiliated with one country,Started and Ended in China,,,,,,,,,,,,,,,,,,,,,,,,,,,,,,,,,China,China,China,China,,,,China,,China,China,
Yanhong Xu,https://openalex.org/A5100612566,China,0,Affiliated with one country,Started and Ended in China,,,,,,,,,,,,,,,,,,,,,China,,,,,,China,China,,,,,,,,,,,,China,China,China,,China
Yanping Huang,https://openalex.org/A5101749154,China ---> Poland ---> China,0,Multinational Travel ---> China,Started and Ended in China (with travel in between),,,,,,,,,,,,,,,,,China,,,,,,,,,,,,,,,,,,,China,China,China,China,China,China,Poland,China,
Yanru Ma,https://openalex.org/A5070263617,China ---> United States ---> China ---> United Kingdom ---> United States,2,Multinational Travel ---> United States,"Started in China, Ended up in United States",,,,,,,,,,,,,,,,,,,,,,,,,,,,,,,,,China,China,United States,,,China,,United Kingdom,,,United States,
Yanxun Li,https://openalex.org/A5101921825,Hong Kong ---> United States ---> China,2,Multinational Travel ---> China,"Started in Hong Kong, Ended up in China",,,,,,,,,,,,,,,,,,,,,Hong Kong,,,,,,,,,,,,,,,,United States,United States,China,China,China,China,China,
Yao Li,https://openalex.org/A5110237033,United States ---> China ---> United States ---> China ---> United Kingdom,2,Multinational Travel ---> United Kingdom,"Started in United States, Ended up in United Kingdom",,,,,,,,,United States,,,,,,,,,,,,,,,China,China,,China,China,China,China,,China,China,United States,China,China,China,China,China,China,China,China,China,United Kingdom
Yao Zhao,https://openalex.org/A5009318707,China ---> Hong Kong ---> China ---> France ---> China,0,Multinational Travel ---> China,Started and Ended in China (with travel in between),,,,,,,,,,,,,,,,,,,,China,,,,China,China,Hong Kong,Hong Kong,Hong Kong,China,France,China,China,,,,China,China,China,China,China,China,China,China,
Yaobo Xu,https://openalex.org/A5069707649,China ---> United Kingdom ---> China ---> Germany,0,Multinational Travel ---> Germany,"Started in China, Ended up in Germany",,,,,,,,China,,,,,,,,,,,,,,China,,,,,,,,United Kingdom,,United Kingdom,United Kingdom,United Kingdom,United Kingdom,United Kingdom,United Kingdom,,United Kingdom,United Kingdom,,China,China,Germany
Yaofeng Sun,https://openalex.org/A5102212666,China,0,Affiliated with one country,Started and Ended in China,,,,,,,,,,,,,,,,,,,,China,,,,,,,,,,,,,,,,,,,,,,,China,
Yaohui Li,https://openalex.org/A5082760644,China,0,Affiliated with one country,Started and Ended in China,,,,,,,,,,,,,,,,,,,,,,,,,,,,,,,,,,,,,,,,,,China,China,China
Yaohui Shi,https://openalex.org/A5104073433,United States ---> China,1,Multinational Travel ---> China,"Started in United States, Ended up in China",,,,,,,,,,,,,,,,,,,,,,,,,,,,United States,China,,,,,,,,,,,,,,China,
Yaohui Wang,https://openalex.org/A5100672230,United States ---> China ---> United States ---> China,2,Multinational Travel ---> China,"Started in United States, Ended up in China",,,,,,,,,,United States,,,,,,,,,,,,,,,China,China,China,,China,China,China,,China,China,China,China,China,China,China,United States,China,China,China,China
Ye Tian,https://openalex.org/A5001904065,China ---> India ---> China ---> South Korea ---> United States ---> China,1,Multinational Travel ---> China,Started and Ended in China (with travel in between),,,,,,,,,,,,,,,,,,,,,,China,,,China,,,,,,India,China,,,China,China,South Korea,United States,China,China,China,China,China,China
Yi Xian Qian,https://openalex.org/A5111815579,China,0,Affiliated with one country,Started and Ended in China,,,,,,,,,,,,,,,,,,,,,,,,,,,,,China,,,,,China,,,,,,,China,,,
Yi Yu,https://openalex.org/A5060198927,Canada ---> China ---> The Netherlands ---> China ---> Taiwan ---> China ---> United States ---> China,3,Multinational Travel ---> China,"Started in Canada, Ended up in China",,,,,,,,,Canada,,Canada,,,,,China,,China,,,,,,,The Netherlands,China,Taiwan,,China,China,China,China,China,United States,United States,United States,China,China,China,China,China,China,China,China
Yi Zheng,https://openalex.org/A5100342733,China ---> France ---> Hong Kong ---> China ---> United Kingdom ---> China ---> Hong Kong ---> China,0,Multinational Travel ---> China,Started and Ended in China (with travel in between),,,,,,,,,,,,,,,,,,,,,,,,,,China,China,,China,China,China,,,,France,,Hong Kong,,China,China,United Kingdom,China,Hong Kong,China
Yi Zhu,https://openalex.org/A5021189022,United States ---> China ---> United States ---> Switzerland ---> United States ---> China ---> Switzerland ---> China ---> United States,8,Multinational Travel ---> United States,Started and Ended in United States (with travel in between),,,,,,,,,,,,,,,,,,,,,,United States,,United States,United States,United States,United States,China,United States,,,Switzerland,,United States,China,Switzerland,China,China,China,China,China,China,United States,
Yichao Zhang,https://openalex.org/A5100625408,China ---> Russia ---> United Kingdom ---> China ---> The Netherlands ---> China,0,Multinational Travel ---> China,Started and Ended in China (with travel in between),,,,,,,,,,,,,,,,,,,,,,China,,China,China,China,China,China,China,Russia,United Kingdom,China,China,China,The Netherlands,China,China,China,China,China,China,China,China,
Yicheng Wu,https://openalex.org/A5030863998,Taiwan ---> China ---> Taiwan ---> China ---> United States ---> Australia ---> China ---> Australia,2,Multinational Travel ---> Australia,"Started in Taiwan, Ended up in Australia",,,,,,,,,,,,,,,,,,,,,,,,,,Taiwan,Taiwan,,,,,,China,Taiwan,,Taiwan,China,United States,United States,Australia,Australia,China,Australia,
Yifan Ding,https://openalex.org/A5101822672,United States ---> Germany ---> United States,4,Multinational Travel ---> United States,Started and Ended in United States (with travel in between),,,,,,,,,,,,,,,,,,,,,,,,,,,,,,,,,,,,,United States,United States,United States,Germany,,,United States,
Yifan Shi,https://openalex.org/A5018598375,China ---> United States,1,Multinational Travel ---> United States,"Started in China, Ended up in United States",,,,,,,,,,,,,,,,,,,,,,,,,,,,,,,,,,,,China,,,,China,,China,United States,
Yiliang Xiong,https://openalex.org/A5028899653,China ---> United States,1,Multinational Travel ---> United States,"Started in China, Ended up in United States",,,,,,,,,,,,,,,,,,,,,,,,,,,,,,,,,,,,,,China,,China,,,United States,
Ying He,https://openalex.org/A5100389169,China ---> Canada ---> China ---> United States ---> China ---> United Kingdom ---> China ---> United States ---> China,3,Multinational Travel ---> China,Started and Ended in China (with travel in between),,,,,,,,,,,,,,China,,Canada,,,China,China,United States,United States,China,China,China,China,China,China,United Kingdom,China,United States,China,China,China,China,China,China,China,China,China,China,China,China,
Ying Tang,https://openalex.org/A5068378063,China ---> United States ---> China ---> United States ---> China ---> United Kingdom ---> China,4,Multinational Travel ---> China,Started and Ended in China (with travel in between),,,,,,,,,,,,,,,,,,,,China,United States,United States,,China,United States,United States,China,China,China,China,China,China,China,China,China,China,China,China,China,China,United Kingdom,China,China,
Ying Zhou,https://openalex.org/A5025286172,United States ---> China ---> United States ---> China ---> United States ---> China ---> United States,4,Multinational Travel ---> United States,Started and Ended in United States (with travel in between),,,,,,,,,,,,,,United States,,,,,,,,,,,,China,,China,China,China,China,China,China,China,China,China,China,China,United States,China,United States,China,China,United States
Yinghe He,https://openalex.org/A5048543725,Australia ---> France ---> Australia,0,Multinational Travel ---> Australia,Started and Ended in Australia (with travel in between),,,,,,,,,,,Australia,,Australia,Australia,Australia,,Australia,,France,Australia,,Australia,,Australia,Australia,Australia,Australia,Australia,Australia,Australia,Australia,Australia,Australia,Australia,Australia,Australia,Australia,Australia,Australia,Australia,Australia,Australia,Australia,
Yinmin Zhong,https://openalex.org/A5000644890,China,0,Affiliated with one country,Started and Ended in China,,,,,,,,,,,,,,,,,,,,,,,,,,,,,,,,,,,,,,,,,China,China,China,
Yishi Piao,https://openalex.org/A5101289777,China,0,Affiliated with one country,Started and Ended in China,,,,,,,,,,,,,,,,,,,,,,,,,,,,,,,,,,,,,,,,,,,China,
Yisong Wang,https://openalex.org/A5104684132,China,0,Affiliated with one country,Started and Ended in China,,,,,,,,,,,,,,,,,,,,,,,,,,,,,,,,,,,,,,,,,,China,China,China
Yixiao Chen,https://openalex.org/A5068277084,China,0,Affiliated with one country,Started and Ended in China,,,,,,,,,,,,,,,,,,,,,,,,,,,,,,,,,,,,,,,China,China,China,China,China,
Yixuan Tan,https://openalex.org/A5063984048,China,0,Affiliated with one country,Started and Ended in China,,,,,,,,,,,,,,,,,,,,,,,,,,,,,,,,,,,,,,,,China,China,China,,
Yixuan Wei,https://openalex.org/A5019825958,China,0,Affiliated with one country,Started and Ended in China,,,,,,,,,,,,,,,,,,,,,,,,,,,,,,,,,,,,,,China,,China,,,,
Yiyang Ma,https://openalex.org/A5101360646,Thailand ---> China,0,Multinational Travel ---> China,"Started in Thailand, Ended up in China",,,,,,,,,,,,,,,,,,,,,,,,,,,,,,,,,,,,,,,,,Thailand,China,China,China
Yiyuan Liu,https://openalex.org/A5101704539,China ---> United States ---> China,1,Multinational Travel ---> China,Started and Ended in China (with travel in between),,,,,,,,,,,,,,,,,,,,,,,,,,,,,,,,China,,,,United States,China,China,China,China,China,China,China,
Yongji Wang,https://openalex.org/A5110372162,China ---> Netherlands ---> China ---> South Korea,0,Multinational Travel ---> South Korea,"Started in China, Ended up in South Korea",,,,,,,,,,,,,,,,China,,,,,,China,China,China,China,China,China,China,China,China,China,Netherlands,China,,China,China,China,China,China,China,China,China,South Korea,
Yongqiang Guo,https://openalex.org/A5100298247,United States ---> China ---> United States,2,Multinational Travel ---> United States,Started and Ended in United States (with travel in between),,,,,,,,,,,,,,,,,,,,United States,,,,,,China,,,,,,,,,,,,China,,China,China,China,United States,
Yongtong Wu,https://openalex.org/A5101238210,China,0,Affiliated with one country,Started and Ended in China,,,,,,,,,,,,,,,,,,,,,,,,,,,,,,,,,,,,,,,,,China,,,
Yu Wu,https://openalex.org/A5101709477,China ---> United Kingdom ---> China ---> India,0,Multinational Travel ---> India,"Started in China, Ended up in India",,,,,,,,,,,,,,,,,,,,,,,,,,China,China,,,China,,,China,China,China,China,China,United Kingdom,United Kingdom,United Kingdom,United Kingdom,China,India,
Yuan Cheng,https://openalex.org/A5103907115,Taiwan ---> United States ---> China ---> Australia ---> China,1,Multinational Travel ---> China,"Started in Taiwan, Ended up in China",,,,Taiwan,Taiwan,,Taiwan,,,,,,,,,,,,,,,,,,,,United States,,,,China,,,China,China,Australia,China,China,China,,,China,China,
Yuanfan Xu,https://openalex.org/A5035964223,China,0,Affiliated with one country,Started and Ended in China,,,,,,,,,,,,,,,,,,,,,,,,,,,,,,,,,,,,,China,China,China,China,China,China,China,China
Yuchen Zhu,https://openalex.org/A5033494277,China,0,Affiliated with one country,Started and Ended in China,,,,,,,,,,,,,,,,,,,,,,,,,,,,,,,,,,,,,China,,,China,China,China,China,China
Yuduan Wang,https://openalex.org/A5047265939,Singapore,0,Affiliated with one country,Started and Ended in Singapore,,,,,,,,,,,,,,,,,,,,,,,,,,,,,,,,,,,,,,,,,,Singapore,Singapore,
Yue Gong,https://openalex.org/A5065675807,China,0,Affiliated with one country,Started and Ended in China,,,,,,,,,,,,,,,,,,,,,,,,,,,,,,,,,,,China,China,China,China,China,China,China,China,China,
Yufei Wang,https://openalex.org/A5076260689,China,0,Affiliated with one country,Started and Ended in China,,,,,,,,,,,,,,,,,,,,,,,,,,,,,,,,,,,,,,,China,,,China,China,
Yuhan Wu,https://openalex.org/A5084253746,Taiwan ---> China ---> Taiwan ---> China ---> Taiwan ---> China ---> United Kingdom,0,Multinational Travel ---> United Kingdom,"Started in Taiwan, Ended up in United Kingdom",,,,,,,,,,,,,,,,,,,,,,,,,Taiwan,Taiwan,,Taiwan,China,Taiwan,China,China,,Taiwan,Taiwan,,,China,China,China,China,China,United Kingdom,
Yuheng Zou,https://openalex.org/A5002204845,China,0,Affiliated with one country,Started and Ended in China,,,,,,,,,,,,,,,,,,,,,,,,,,,,,,,,,,,China,,,,,China,,China,China,China
Yuhuan Wu,https://openalex.org/A5075693457,China,0,Affiliated with one country,Started and Ended in China,,,,,,,,,,,,,,,,,,,,China,,,,,,,,,China,China,China,China,China,China,China,China,China,China,China,China,China,China,China,
Yujia He,https://openalex.org/A5060991733,China ---> Australia ---> China,0,Multinational Travel ---> China,Started and Ended in China (with travel in between),,,,,,,,,,,,,,,,,,,,,,,,,,,,,,,,,,,,,,,,China,,Australia,China,China
Yukun Li,https://openalex.org/A5018379530,China,0,Affiliated with one country,Started and Ended in China,,,,,,,,,,,,,,,,,,,,,,,,,,,,,,,,,China,,China,China,,,,,China,China,China,
Yukun Zha,https://openalex.org/A5006037200,China,0,Affiliated with one country,Started and Ended in China,,,,,,,,,,,,,,,,,,,,,,,,,,,,,,,,,,,,,,,,,,,China,
Yun Tao,https://openalex.org/A5102367666,China ---> Singapore ---> China,0,Multinational Travel ---> China,Started and Ended in China (with travel in between),,,,,,,,,,,,,,,,,,,,China,,,,China,,China,Singapore,Singapore,,Singapore,,,,,,,,,,,China,China,,
Yunkui Xiong,https://openalex.org/A5055302542,China,0,Affiliated with one country,Started and Ended in China,,,,,,,,,,,,,,,,,,,,,,,,,China,,China,,,,,China,China,,,,China,China,China,,,China,China,
Yunxie Wei,https://openalex.org/A5068079517,China ---> Hong Kong ---> China,0,Multinational Travel ---> China,Started and Ended in China (with travel in between),,,,,,,,,,,,,,,,,,,,,,,,,,,,,,,,China,China,China,Hong Kong,China,China,China,China,China,China,China,China,
Yuting Yan,https://openalex.org/A5019540330,China,0,Affiliated with one country,Started and Ended in China,,,,,,,China,,,,,,,,,,,,,,,,,,,,,,,,,,,,,,,,China,,,,China,China
Yuxiang Luo,https://openalex.org/A5100569167,China,0,Affiliated with one country,Started and Ended in China,,,,,,,,,,,,,,,,,,,,,,,,,,,China,,,,,,,,,,,,,,China,China,China,
Yuxiang You,https://openalex.org/A5101289778,United States,1,Affiliated with one country,Started and Ended in United States,,,,,,,,,,,,,,,,,,,,,,,,,,,,,,,,,,,,,,,,,,,United States,
Yuxin Zhu,https://openalex.org/A5068383472,China,0,Affiliated with one country,Started and Ended in China,,,,,,,,,,,,,,,,,,,,China,,,,,,,,,,,,,China,,,China,,,,,,China,China,China
Yuxuan Liu,https://openalex.org/A5102651090,China,0,Affiliated with one country,Started and Ended in China,,,,,,,,,,,,,,,,,,,,,,,,,,,,,,,,,,,,,,,,,China,China,China,
Yuyang Zhou,https://openalex.org/A5011549126,China,0,Affiliated with one country,Started and Ended in China,,,,,,,,,,,,,,,,,,,,,,,,,,,,,,,,,,,,,,,,,China,China,China,China
Yu‐Chi Wu,https://openalex.org/A5081544752,United States ---> Taiwan ---> United States ---> Taiwan ---> China ---> Taiwan ---> China ---> Taiwan ---> China ---> Taiwan ---> China ---> Hong Kong,3,Multinational Travel ---> Hong Kong,"Started in United States, Ended up in Hong Kong",,,,,,,,,,,United States,United States,,,,,,,Taiwan,Taiwan,Taiwan,Taiwan,United States,Taiwan,,,Taiwan,China,Taiwan,China,China,Taiwan,Taiwan,Taiwan,China,China,Taiwan,Taiwan,Taiwan,Taiwan,China,China,Hong Kong,
Z. L. Xu,https://openalex.org/A5104332671,China,0,Affiliated with one country,Started and Ended in China,,,,,,,,,,,,,,,,,,,,,,,,,,,,,,,,,,,China,China,China,,China,China,China,China,China,
Z. Z. Ren,https://openalex.org/A5113209526,China ---> Hong Kong ---> United States,1,Multinational Travel ---> United States,"Started in China, Ended up in United States",,,,,,,,,,,,,,,,,,,,,,,,,,,,,,,,,,,,,,,,,,China,Hong Kong,United States
Zehua Zhao,https://openalex.org/A5101521680,China ---> Australia ---> China,0,Multinational Travel ---> China,Started and Ended in China (with travel in between),,,,,,,,,,,,,,,,,,,,,,,,,,,,,,,,,,,China,China,,China,China,China,,Australia,China,
Zehui Ren,https://openalex.org/A5112250476,United Kingdom ---> Canada ---> China,0,Multinational Travel ---> China,"Started in United Kingdom, Ended up in China",,,,,,,,,,,,,,,,,,,,,,,,,,,,,,,,,,,United Kingdom,,Canada,,,,China,China,China,
Zekai Zhang,https://openalex.org/A5110668316,China,0,Affiliated with one country,Started and Ended in China,,,,,,,,,,,,,,,,,,,,,,,,,,,,,,,,,,,,,,,,,China,China,China,China
Zhangli Sha,https://openalex.org/A5020140830,China,0,Affiliated with one country,Started and Ended in China,,,,,,,,,,,,,,,,,,,,,,,,,,,,,,,,,,,,,,,,,China,,China,
Zhao Yao,https://openalex.org/A5042436825,United States ---> China ---> United States ---> South Korea ---> China ---> Netherlands ---> South Korea ---> China ---> United States ---> Russia ---> China,3,Multinational Travel ---> China,"Started in United States, Ended up in China",,,,United States,,,,,,China,,,,,,,,,,China,,,,,,China,,China,,,China,United States,South Korea,China,Netherlands,South Korea,China,China,China,China,United States,Russia,China,China
Zhe Fu,https://openalex.org/A5103128811,Hong Kong ---> United States ---> China ---> Canada ---> United States ---> Australia ---> China,2,Multinational Travel ---> China,"Started in Hong Kong, Ended up in China",,,,,,,,,,,,,,,,,,Hong Kong,,,,,,,,United States,,China,Canada,United States,,Australia,China,China,China,,,China,China,China,China,China,China,
Zhen Huang,https://openalex.org/A5101653729,China,0,Affiliated with one country,Started and Ended in China,,,,,,,,,,,,,,,,,,,,,,,,China,,,,China,China,China,China,China,China,China,China,China,China,China,China,China,China,China,China,
Zhen Zhang,https://openalex.org/A5118092868,United States ---> China ---> United States ---> China,4,Multinational Travel ---> China,"Started in United States, Ended up in China",,,,,,,,,,,,,,,,,,,,,,,,,United States,,,United States,,China,China,,United States,United States,China,,,,China,China,China,China,China,China
Zhenda Xie,https://openalex.org/A5007043113,China ---> United States ---> China,2,Multinational Travel ---> China,Started and Ended in China (with travel in between),,,,,,,,,,,,,,,,,,,,,,,,China,China,China,China,China,China,China,China,United States,United States,China,China,China,China,China,China,China,China,China,China,
Zhengyan Zhang,https://openalex.org/A5111176285,United States,1,Affiliated with one country,Started and Ended in United States,,,,,,,,,,,,,,,,,,,,,,,,,,,,,,,,,,,,,,,,,,,United States,
Zhenhua Wu,https://openalex.org/A5011674202,China,0,Affiliated with one country,Started and Ended in China,,,,,,,,,,,,,,,,,,,,,,,China,China,China,China,China,,,,,China,China,China,China,China,China,China,China,China,China,China,China,China
Zhenyu Ju,https://openalex.org/A5037526403,China,0,Affiliated with one country,Started and Ended in China,,,,,,,,,,,,,,,,,,,,,,,,,,,,,,China,,,,,,,,China,,,,China,China,China
Zhewen Hao,https://openalex.org/A5039093405,China ---> United States,1,Multinational Travel ---> United States,"Started in China, Ended up in United States",,,,,,,,,,,,,,,,,,,,,,,,,,,,,,,,,,,,,,,China,China,,,United States,
Zhibin Gou,https://openalex.org/A5034928588,China,0,Affiliated with one country,Started and Ended in China,,,,,,,,,,,,,,,,,,,,,,,,,,,,,,,,,,,,,,,,China,China,,,
Zhicheng Ma,https://openalex.org/A5045715549,China,0,Affiliated with one country,Started and Ended in China,,,,,,,,,,,,,,,,,,,,,,,,,,,,,,,,,,,,,,,,China,,,China,
Zhigang Yan,https://openalex.org/A5001698196,China ---> Japan,0,Multinational Travel ---> Japan,"Started in China, Ended up in Japan",,,,,,,,,,,,,,,,,,,,,,,,,,,,,,,,,,,,,,,China,,,,Japan,
Zhihong Shao,https://openalex.org/A5103100933,China ---> United Kingdom ---> United States ---> China ---> United States,5,Multinational Travel ---> United States,"Started in China, Ended up in United States",,,,,,,,,,,China,,,,,,United Kingdom,,United States,,United States,United States,,United States,,China,China,China,,,China,,China,China,China,,China,China,China,China,China,,United States,
Zhihua Wu,https://openalex.org/A5102697103,China,0,Affiliated with one country,Started and Ended in China,,,,,,,,,,,,,,,,,,,,,,,,,,,,,China,,China,,,,,,,,,,,China,China,
Zhipeng Xu,https://openalex.org/A5024958662,China,0,Affiliated with one country,Started and Ended in China,,,,,,,,,,,,,,,,,,,,,,,,,,,,,,,,,,,,,,,,,,China,China,China
Zhixian Huang,https://openalex.org/A5111603195,China ---> Taiwan ---> China,0,Multinational Travel ---> China,Started and Ended in China (with travel in between),,,,,,,,,,China,,,,,Taiwan,,,,,,,,,,,,,,,,,,,,,,,,,,,China,,
Zhiyu Wu,https://openalex.org/A5071782544,United States ---> China ---> United States ---> China,2,Multinational Travel ---> China,"Started in United States, Ended up in China",,,,,,,,,,,,,,,,,,,,,United States,China,,,,United States,China,,,,China,,China,,,China,China,,China,China,China,China,China,China
Zhonghua Yao,https://openalex.org/A5003259585,China,0,Affiliated with one country,Started and Ended in China,,,,,,,,,,,,,,,,,,,,,,,,,,,,,,,,,,,,,,,,,,,China,
Zhongyu Zhang,https://openalex.org/A5115604997,China ---> United States ---> China,1,Multinational Travel ---> China,Started and Ended in China (with travel in between),,,,,,,,,,,,,,,,,China,China,,,,,,,,,China,,,,China,United States,,China,China,,,China,,,,China,China,
Zhou Songyang,https://openalex.org/A5047145856,United States ---> Canada ---> United States ---> China ---> United States ---> China,18,Multinational Travel ---> China,"Started in United States, Ended up in China",,,,,,,,,,,United States,United States,United States,United States,Canada,United States,United States,United States,United States,United States,United States,United States,,United States,United States,United States,United States,United States,United States,China,China,China,China,China,United States,China,China,China,China,China,China,China,China,
Zhuoshu Li,https://openalex.org/A5086080455,China,0,Affiliated with one country,Started and Ended in China,,,,,,,,,,,,,,,,,,,,,,,,,,,,,,China,China,,,,,,,,,,,China,,
Zhuping Zhang,https://openalex.org/A5109662866,China,0,Affiliated with one country,Started and Ended in China,,,,,,,,,,,,China,,,,,,,,,,,,,,,,,,,,,,,China,China,China,China,China,China,China,China,China,China
Zian Xu,https://openalex.org/A5067424229,China,0,Affiliated with one country,Started and Ended in China,,,,,,,,,,,,,,,,,,,,,,,,,,,,,,,,,,,,,,,,China,China,,China,
Zihao Wang,https://openalex.org/A5100413085,United States ---> China ---> Hong Kong ---> China ---> United Arab Emirates,1,Multinational Travel ---> United Arab Emirates,"Started in United States, Ended up in United Arab Emirates",,,,,,,,,,,,,,,,,,,,,,,,,,,,,,,,United States,China,China,Hong Kong,China,China,China,China,China,China,China,China,United Arab Emirates
Zihe Gao,https://openalex.org/A5026538332,China ---> United States ---> China ---> United States ---> China ---> United States ---> China ---> United States ---> China ---> United States,10,Multinational Travel ---> United States,"Started in China, Ended up in United States",,,,,,,,,,,,,,,,,,,,,,,,,China,United States,China,China,China,China,China,United States,China,United States,United States,China,United States,United States,United States,China,United States,United States,United States,
Zihua Qu,https://openalex.org/A5020913893,China,0,Affiliated with one country,Started and Ended in China,,,,,,,,,,,,,,,,,,,,,,,,,,,China,,,,,,,,,,,,,China,,,,
Zihui Gu,https://openalex.org/A5102691681,China,0,Affiliated with one country,Started and Ended in China,,,,,,,,,,,,,,,,,,,,,,,,,,,,,,,,,,,,,,,,,,China,,
Zijia Zhu,https://openalex.org/A5102510461,China,0,Affiliated with one country,Started and Ended in China,,,,,,,,,,,,,,,,,,,,,,,,,,,,,,,,,,,,,China,China,China,China,China,China,China,China
Zijun Liu,https://openalex.org/A5100725216,China,0,Affiliated with one country,Started and Ended in China,,,,,,,,,,,,,,,,,,,,,,,,,,,,,,,,,,,,,China,China,China,,China,,China,
Zilin Li,https://openalex.org/A5044058639,China,0,Affiliated with one country,Started and Ended in China,,,,,,,,,,,,,,,,,,,,,,,,,,,,,,,,China,China,China,,China,China,,,,China,China,China,China
Zipeng Zhang,https://openalex.org/A5100722630,China,0,Affiliated with one country,Started and Ended in China,,,,,,,,,,,,,,,,,,,,,,,China,,,China,,,,,,,,,,,China,,China,China,China,China,China,
Ziwei Xie,https://openalex.org/A5101644040,China,0,Affiliated with one country,Started and Ended in China,,,,,,,,,,,,,,,,,,,,,,,,,,,,,,,,,,,,,China,China,,China,China,,,
Zixuan Wu,https://openalex.org/A5102019727,China,0,Affiliated with one country,Started and Ended in China,,,,,,,,,,,,,,,,,,,,,,China,,,,,,,,,,,,,,,China,China,China,China,China,China,China,
Ziyang Song,https://openalex.org/A5043597604,China,0,Affiliated with one country,Started and Ended in China,,,,,,,,,,,,,,,,,,,,,,,,,,,,,,,,,,,,,China,China,,,,,China,
Ziyi Gao,https://openalex.org/A5075527381,China,0,Affiliated with one country,Started and Ended in China,,,,,,,,,,,,,,,,,,,,,,,,,,,,,,,,,,,,,,,,China,China,China,China,
Zizheng Pan,https://openalex.org/A5104206167,Australia,0,Affiliated with one country,Started and Ended in Australia,,,,,,,,,,,,,,,,,,,,,,,,,,,,,,,,,,,,,,Australia,Australia,Australia,Australia,Australia,Australia,
Zongyou Pan,https://openalex.org/A5078160004,China,0,Affiliated with one country,Started and Ended in China,,,,,,,,,,,,,,,,,,,,,,,,,,,,,,,,,,China,China,China,China,China,China,China,China,China,China,
