Author,No. Papers,Notes,OA_Profile,OA_ID,ORCID,Display_name,Display_name_alternatives,works_count,cited_by_count,2yr_mean_citedness,h_index,i10_index,ID-1904,ID-1964,ID-1965,ID-1966,ID-1967,ID-1968,ID-1969,ID-1970,ID-1971,ID-1972,ID-1973,ID-1974,ID-1975,ID-1977,ID-1978,ID-1981,ID-1982,ID-1983,ID-1984,ID-1985,ID-1986,ID-1987,ID-1988,ID-1989,ID-1990,ID-1991,ID-1992,ID-1993,ID-1994,ID-1995,ID-1997,ID-1999,ID-2000,ID-2001,ID-2002,ID-2003,ID-2004,ID-2005,ID-2006,ID-2007,ID-2008,ID-2009,ID-2010,ID-2011,ID-2012,ID-2013,ID-2014,ID-2015,ID-2016,ID-2017,ID-2018,ID-2019,ID-2020,ID-2021,ID-2022,ID-2023,ID-2024,ID-2025,affiliation-1904,affiliation-1964,affiliation-1965,affiliation-1966,affiliation-1967,affiliation-1968,affiliation-1969,affiliation-1970,affiliation-1971,affiliation-1972,affiliation-1973,affiliation-1974,affiliation-1975,affiliation-1977,affiliation-1978,affiliation-1981,affiliation-1982,affiliation-1983,affiliation-1984,affiliation-1985,affiliation-1986,affiliation-1987,affiliation-1988,affiliation-1989,affiliation-1990,affiliation-1991,affiliation-1992,affiliation-1993,affiliation-1994,affiliation-1995,affiliation-1997,affiliation-1999,affiliation-2000,affiliation-2001,affiliation-2002,affiliation-2003,affiliation-2004,affiliation-2005,affiliation-2006,affiliation-2007,affiliation-2008,affiliation-2009,affiliation-2010,affiliation-2011,affiliation-2012,affiliation-2013,affiliation-2014,affiliation-2015,affiliation-2016,affiliation-2017,affiliation-2018,affiliation-2019,affiliation-2020,affiliation-2021,affiliation-2022,affiliation-2023,affiliation-2024,affiliation-2025
A K Rathi,1,,https://openalex.org/A5113184302,A5113184302,,A K Rathi,"A. Rathi, A. K. Rathi, Advay Rathi, Ankur Rathi, Anushka Rathi",35,170,0.0,6,4,,,,,,,,,,,,,,,,,,,,,,,,,,,,,https://openalex.org/I1289243028,https://openalex.org/I1289243028,https://openalex.org/I1289243028,,,,,,,https://openalex.org/I1289243028,,,,,,,,https://openalex.org/I1289243028,,,,,,,,,,,,,,,,,,,,,,,,,,,,,,,,,,,,,,,,,Oak Ridge National Laboratory,Oak Ridge National Laboratory,Oak Ridge National Laboratory,,,,,,,Oak Ridge National Laboratory,,,,,,,,Oak Ridge National Laboratory,,,,,,,,,,,,
A. Callahan,1,,https://openalex.org/A5031192921,A5031192921,,A. Callahan,"Andrew C. Callahan, Anna Callahan, Andrew Callahan, Andrew Charles Callahan, A. C. Callahan, A. Callahan",33,269,2.0,10,11,,https://openalex.org/I135310074,https://openalex.org/I135310074,https://openalex.org/I135310074,https://openalex.org/I145311948,https://openalex.org/I145311948,https://openalex.org/I145311948,,https://openalex.org/I145311948,,,https://openalex.org/I1306686416,,,,https://openalex.org/I1306686416,,https://openalex.org/I1306686416,,,,,,,,,,,,,,,,https://openalex.org/I155173764,,,,https://openalex.org/I1306686416,,,,,,,,,,,,,,,,,,,https://openalex.org/I84392919,,,University of Wisconsin–Madison,University of Wisconsin–Madison,University of Wisconsin–Madison,Johns Hopkins University,Johns Hopkins University,Johns Hopkins University,,Johns Hopkins University,,,RTX (United States),,,,RTX (United States),,RTX (United States),,,,,,,,,,,,,,,,Rochester Institute of Technology,,,,RTX (United States),,,,,,,,,,,,,,,,,,,Temple University,
Adam S. Jermyn,1,,https://openalex.org/A5043387043,A5043387043,https://orcid.org/0000-0001-5048-9973,Adam S. Jermyn,"Adam Jermyn, Adam S. Jermyn, A Jermyn, A. S. Jermyn, Adam Sean Jermyn",152,3439,3.8666666666666667,22,41,,,,,,,,,,,,,,,,,,,,,,,,,,,,,,,,,,,,,,,,,,,,,,,,,https://openalex.org/I241749,https://openalex.org/I241749,https://openalex.org/I241749,https://openalex.org/I149744451,https://openalex.org/I4210121240,https://openalex.org/I4387153999,https://openalex.org/I241749,https://openalex.org/I154570441,https://openalex.org/I4387153999,,,,,,,,,,,,,,,,,,,,,,,,,,,,,,,,,,,,,,,,,,,,,,,,,,University of Cambridge,University of Cambridge,University of Cambridge,Valparaiso University,Institute of Astronomy,Flatiron Institute,University of Cambridge,"University of California, Santa Barbara",Flatiron Institute,
Akbir Khan,1,,https://openalex.org/A5084386381,A5084386381,,Akbir Khan,Akbir Khan,17,41,1.6,3,1,,,,,,,,,,,,,,,,,,,,,,,,,,,,,,,,,,,,,,,,,,,,,,,,,,,,https://openalex.org/I241749,,,,,,,,,,,,,,,,,,,,,,,,,,,,,,,,,,,,,,,,,,,,,,,,,,,,,,,,,,University of Cambridge,,,,,,
Alex Tamkin,5,,https://openalex.org/A5081558429,A5081558429,https://orcid.org/0009-0006-0007-3746,Alex Tamkin,Alex Tamkin,47,2158,2.65,12,15,,,,,,,,,,,,,,,,,,,,,,,,,,,,,,,,,,,,,,,,,,,,,,,,,,,,https://openalex.org/I97018004,https://openalex.org/I97018004,https://openalex.org/I97018004,https://openalex.org/I137902535,https://openalex.org/I97018004,,https://openalex.org/I97018004,,,,,,,,,,,,,,,,,,,,,,,,,,,,,,,,,,,,,,,,,,,,,,,,,,,,Stanford University,Stanford University,Stanford University,North Carolina State University,Stanford University,,Stanford University
Alfred Mountfield,1,,https://openalex.org/A5115560627,A5115560627,,Alfred Mountfield,Alfred Mountfield,1,3,0.0,1,0,,,,,,,,,,,,,,,,,,,,,,,,,,,,,,,,,,,,,,,,,,,,,,,,,,,,,,,,,,,,,,,,,,,,,,,,,,,,,,,,,,,,,,,,,,,,,,,,,,,,,,,,,,,,,,,,,,,,
Amanda Askell,5,,https://openalex.org/A5030305998,A5030305998,,Amanda Askell,Amanda Askell,41,25460,85.36842105263158,23,29,,,,,,,,,,,,,,,,,,,,,,,,,,,,,,,,,,,,,,,,,,,,,,,,,,,,,,,https://openalex.org/I2800403580,,https://openalex.org/I57206974,,,,,,,,,,,,,,,,,,,,,,,,,,,,,,,,,,,,,,,,,,,,,,,,,,,,,,,,University of Minnesota System,,New York University,
Amirhossein Tajdini,1,,https://openalex.org/A5034337006,A5034337006,https://orcid.org/0000-0001-5055-0930,Amirhossein Tajdini,Amirhossein Tajdini,23,2664,4.833333333333333,14,16,,,,,,,,,,,,,,,,,,,,,,,,,,,,,,,,,,,,,,,,,,,,,,,,,,https://openalex.org/I205783295,https://openalex.org/I205783295,https://openalex.org/I205783295,https://openalex.org/I205783295,https://openalex.org/I40036882,https://openalex.org/I154570441,https://openalex.org/I154570441,,,,,,,,,,,,,,,,,,,,,,,,,,,,,,,,,,,,,,,,,,,,,,,,,,,,Cornell University,Cornell University,Cornell University,Cornell University,Institute for Advanced Study,"University of California, Santa Barbara","University of California, Santa Barbara",,
Anna Chen,1,,https://openalex.org/A5056436767,A5056436767,https://orcid.org/0000-0002-5946-6572,Anna Chen,"Chen Anna, A. Chen, Anna Chen, An‐Na Chen",201,4234,9.2,34,75,,,,,,,,,,,,,,,,,,,,,,,,,,,,,,,,,,,,,,,,,,,,,,,,,,,,,,https://openalex.org/I40963666,https://openalex.org/I40963666,https://openalex.org/I59028903,https://openalex.org/I4210092129,https://openalex.org/I107606265,,,,,,,,,,,,,,,,,,,,,,,,,,,,,,,,,,,,,,,,,,,,,,,,,,,,,,Central China Normal University,Central China Normal University,Ocean University of China,Comprehensive Cancer Center Vienna,Broad Institute
Anna Goldie,1,,https://openalex.org/A5088885573,A5088885573,https://orcid.org/0000-0002-4887-6293,Anna Goldie,"Anna Darling Goldie, Anna Goldie",39,1981,14.11111111111111,17,19,,,,,,,,,,,,,,,,,,,,,,,,,,,,,,,,,,,,,https://openalex.org/I4392021135,,,,,https://openalex.org/I1291425158,,,,,,,,https://openalex.org/I1291425158,https://openalex.org/I1291425158,https://openalex.org/I1291425158,https://openalex.org/I1291425158,https://openalex.org/I1291425158,https://openalex.org/I1291425158,,https://openalex.org/I97018004,,,,,,,,,,,,,,,,,,,,,,,,,,,,,,,,,,,,,,Transnational Press London,,,,,Google (United States),,,,,,,,Google (United States),Google (United States),Google (United States),Google (United States),Google (United States),Google (United States),,Stanford University,
Ansh Radhakrishnan,1,,https://openalex.org/A5104228508,A5104228508,,Ansh Radhakrishnan,Ansh Radhakrishnan,5,40,6.0,4,2,,,,,,,,,,,,,,,,,,,,,,,,,,,,,,,,,,,,,,,,,,,,,,,,,,,,,,,,,,,,,,,,,,,,,,,,,,,,,,,,,,,,,,,,,,,,,,,,,,,,,,,,,,,,,,,,,,,,
Anton Bakhtin,1,,https://openalex.org/A5024680544,A5024680544,https://orcid.org/0000-0002-3320-2341,Anton Bakhtin,"Anton Bakhtin, A. V. Bakhtin",41,2493,15.4,16,18,,,,,,,,,,,,,,,,,,,,,,,,,,,,,,,,,,,,,,,,,,,https://openalex.org/I208875869,,,https://openalex.org/I58957048,,,https://openalex.org/I1291425158,https://openalex.org/I1291425158,,https://openalex.org/I2252078561,https://openalex.org/I4210150146,https://openalex.org/I2252078561,,,,,,,,,,,,,,,,,,,,,,,,,,,,,,,,,,,,,,,,,,,,,,,Moscow State University of Fine Chemical Technologies,,,Yandex (Russia),,,Google (United States),Google (United States),,Meta (Israel),Moscow State University,Meta (Israel),,,,
Avital Balwit,1,,https://openalex.org/A5093123090,A5093123090,,Avital Balwit,Avital Balwit,1,4,2.0,1,0,,,,,,,,,,,,,,,,,,,,,,,,,,,,,,,,,,,,,,,,,,,,,,,,,,,,,,,,,,,,,,,,,,,,,,,,,,,,,,,,,,,,,,,,,,,,,,,,,,,,,,,,,,,,,,,,,,,,
Azalia Mirhoseini,1,,https://openalex.org/A5070731184,A5070731184,https://orcid.org/0000-0002-2440-0944,Azalia Mirhoseini,"Azalia Mirhoseini, A. Mirhoseini",98,3637,13.416666666666666,24,40,,,,,,,,,,,,,,,,,,,,,,,,,,,,,,,,,,,,,,,,,,,https://openalex.org/I74775410,https://openalex.org/I74775410,https://openalex.org/I74775410,https://openalex.org/I74775410,,https://openalex.org/I74775410,https://openalex.org/I257545875,https://openalex.org/I74775410,https://openalex.org/I1291425158,https://openalex.org/I1291425158,https://openalex.org/I1291425158,https://openalex.org/I1291425158,https://openalex.org/I1291425158,,https://openalex.org/I97018004,,,,,,,,,,,,,,,,,,,,,,,,,,,,,,,,,,,,,,,,,,,,Rice University,Rice University,Rice University,Rice University,,Rice University,"Hunan University of Humanities, Science and Technology",Rice University,Google (United States),Google (United States),Google (United States),Google (United States),Google (United States),,Stanford University,
B. T. McLean,1,,https://openalex.org/A5113030770,A5113030770,,B. T. McLean,"B. T. McLean, Brayden McLean",13,102,2.0,5,3,,,,,,,,,,,,,,,,,,,,,,,,,,,,,,,,,,,,,,,,,,,,,,,,,,,,,,,,,,,,,,,,,,,,,,,,,,,,,,,,,,,,,,,,,,,,,,,,,,,,,,,,,,,,,,,,,,,,
Benjamin Fletcher Wright,1,,https://openalex.org/A5017222164,A5017222164,,Benjamin Fletcher Wright,"Benjamin Wright, Benjamin Fletcher Wright",19,130,0.0,6,4,https://openalex.org/I4210117817,,,,,,,,,,,,,,,,,,,,,,,,,,,,,,,,,,,,,,,,,,,,,,,,,,,,,,,,,,Priory Hospital Chelmsford,,,,,,,,,,,,,,,,,,,,,,,,,,,,,,,,,,,,,,,,,,,,,,,,,,,,,,,,,
Benoit Steiner,1,,https://openalex.org/A5028992619,A5028992619,https://orcid.org/0000-0002-5767-4976,Benoit Steiner,"Benoit Steiner, B. Steiner",35,50397,3.0,15,17,,,,,,,,,,,,,,,,,,,,,,,,,,,,,,,,,,,,,,,,,,,,,,,,,https://openalex.org/I1291425158,https://openalex.org/I1291425158,https://openalex.org/I4402554038,https://openalex.org/I2251713219,https://openalex.org/I2252078561,https://openalex.org/I2252078561,,https://openalex.org/I3197470489,,,,,,,,,,,,,,,,,,,,,,,,,,,,,,,,,,,,,,,,,,,,,,,,,,,Google (United States),Google (United States),Microsoft Research Montréal (Canada),NTT (Japan),Meta (Israel),Meta (Israel),,Alpha Omega Alpha Medical Honor Society,,
Brian Clarke,1,,https://openalex.org/A5075321113,A5075321113,,Brian Clarke,"Brian Clarke, Brian C Clarke",6,30,0.0,3,1,,,,,,,,,,,,,,,,,,,,,,,,,,,,,,,,,,,,,,,,,,,,https://openalex.org/I4210105244,https://openalex.org/I4210105244,,,,,,,,,,,,,,,,,,,,,,,,,,,,,,,,,,,,,,,,,,,,,,,,,,,,,,,,,Joyson Safety Systems (United States),Joyson Safety Systems (United States),,,,,,,,,,,,,
Buck Shlegeris,3,,https://openalex.org/A5050408969,A5050408969,,Buck Shlegeris,Buck Shlegeris,12,32,1.25,3,1,,,,,,,,,,,,,,,,,,,,,,,,,,,,,,,,,,,,,,,,,,,,,,,,,,,,,,,,,,,,,,,,,,,,,,,,,,,,,,,,,,,,,,,,,,,,,,,,,,,,,,,,,,,,,,,,,,,,
Carol Chen,1,,https://openalex.org/A5019382510,A5019382510,,Carol Chen,Carol Chen,4,294,28.0,4,3,,,,,,,,,,,,,,,,,,,,,,,,,,,,,,,,,,,,,,,,,,,,,,,,,,,,,,,,,,,,,,,,,,,,,,,,,,,,,,,,,,,,,,,,,,,,,,,,,,,,,,,,,,,,,,,,,,,,
Carson Denison,3,,https://openalex.org/A5079864698,A5079864698,,Carson Denison,Carson Denison,8,37,4.0,3,2,,,,,,,,,,,,,,,,,,,,,,,,,,,,,,,,,,,,,,,,,,,,,,,,,,,,,,,,,,,,,,,,,,,,,,,,,,,,,,,,,,,,,,,,,,,,,,,,,,,,,,,,,,,,,,,,,,,,
Cassie Evraets,1,,https://openalex.org/A5093123089,A5093123089,,Cassie Evraets,Cassie Evraets,1,4,2.0,1,0,,,,,,,,,,,,,,,,,,,,,,,,,,,,,,,,,,,,,,,,,,,,,,,,,,,,,,,,,,,,,,,,,,,,,,,,,,,,,,,,,,,,,,,,,,,,,,,,,,,,,,,,,,,,,,,,,,,,
Catherine Olsson,1,,https://openalex.org/A5108225540,A5108225540,,Catherine Olsson,"Catherine Olsson, C. Olsson, Catherine Anne White Olsson",49,10549,22.5625,24,28,,,,,,,,,,,,,,,,,,,,,,,,,,,,,,,,,,,,,https://openalex.org/I187531555,,https://openalex.org/I4210132623,,https://openalex.org/I4210119946,,https://openalex.org/I4210119946,https://openalex.org/I4210119946,https://openalex.org/I4210119946,,,https://openalex.org/I63966007,,,https://openalex.org/I57206974,,,https://openalex.org/I4210115175,https://openalex.org/I4210150290,https://openalex.org/I57206974,,,,,,,,,,,,,,,,,,,,,,,,,,,,,,,,,,,,,,,Lund University,,Helsingborgs lasarett,,Novita,,Novita,Novita,Novita,,,Massachusetts Institute of Technology,,,New York University,,,AnthroTronix (United States),Murdoch Children's Research Institute,New York University,,
Cem Anil,2,,https://openalex.org/A5113854698,A5113854698,,Cem Anil,Cem Anil,23,1406,14.2,12,12,,,,,,,,,,,,,,,,,,,,,,,,,,,,,,,,,,,,,,,,,,,,,,,,,,,https://openalex.org/I185261750,https://openalex.org/I1304085615,,https://openalex.org/I185261750,https://openalex.org/I185261750,,,,,,,,,,,,,,,,,,,,,,,,,,,,,,,,,,,,,,,,,,,,,,,,,,,,,,University of Toronto,Nvidia (United Kingdom),,University of Toronto,University of Toronto,,,
Da Yan,1,,https://openalex.org/A5044218586,A5044218586,https://orcid.org/0000-0003-2399-723X,Da Yan,"Da Chen Yan, Yan Da, Yan D., D. Yan, Da Yan",395,12453,6.549450549450549,58,157,,,,,,,,,,,,,,,,,,,,,,,,,,,,,,,,,,,,,,,,,,,,,,,,,https://openalex.org/I99065089,https://openalex.org/I32389192,https://openalex.org/I99065089,https://openalex.org/I99065089,https://openalex.org/I99065089,https://openalex.org/I134841294,https://openalex.org/I151013683,https://openalex.org/I38756568,https://openalex.org/I38877650,https://openalex.org/I99065089,,,,,,,,,,,,,,,,,,,,,,,,,,,,,,,,,,,,,,,,,,,,,,,,,Tsinghua University,University of Alabama at Birmingham,Tsinghua University,Tsinghua University,Tsinghua University,Binzhou Medical University,Binzhou University,Xinyang College of Agriculture and Forestry,Zhengzhou University,Tsinghua University
Daniel M. Ziegler,1,,https://openalex.org/A5109551394,A5109551394,,Daniel M. Ziegler,"Daniel Martin Ziegler, Daniel M. Ziegler, D. Ziegler, Daniel Ziegler, D.M Ziegler, D. M. Ziegler, DanielM. Ziegler",175,25075,0.7142857142857143,55,114,,,,,,,,,,,,,,,,,,,,,,,,,,,,,,,,,,,,,,,,,,,,,,,,,,,,,,https://openalex.org/I91136226,https://openalex.org/I1325517477,https://openalex.org/I3020504353,,,,,,,,,,,,,,,,,,,,,,,,,,,,,,,,,,,,,,,,,,,,,,,,,,,,,,,,University of Sheffield,American Jewish Committee,Fraunhofer Institute for Industrial Engineering,,
Danny Hernandez,1,,https://openalex.org/A5030442997,A5030442997,,Danny Hernandez,Danny Hernandez,15,1421,40.125,10,10,,,,,,,,,,,,,,,,,,,,,,,,,,,,,,,,,,,,,,,,,,,,,,,,,,,,,https://openalex.org/I4210161460,,,,,,,,,,,,,,,,,,,,,,,,,,,,,,,,,,,,,,,,,,,,,,,,,,,,,,,,,,OpenAI (United States),,,,,
David Duvenaud,4,,https://openalex.org/A5030409494,A5030409494,,David Duvenaud,"David K. Duvenaud, David Kristjanson Duvenaud, David Duvenaud",152,16568,3.0,53,97,,,,,,,,,,,,,,,,,,,,,,,,,,,,,,,,,,,,,,,,,https://openalex.org/I141945490,,https://openalex.org/I141945490,https://openalex.org/I141945490,https://openalex.org/I241749,https://openalex.org/I241749,https://openalex.org/I4210096386,https://openalex.org/I2801851002,https://openalex.org/I136199984,https://openalex.org/I185261750,https://openalex.org/I106938459,https://openalex.org/I4210127509,https://openalex.org/I185261750,https://openalex.org/I185261750,,,,,,,,,,,,,,,,,,,,,,,,,,,,,,,,,,,,,,,,,,,,,University of British Columbia,,University of British Columbia,University of British Columbia,University of Cambridge,University of Cambridge,Bridge University,Harvard University Press,Harvard University,University of Toronto,University of New Brunswick,Vector Institute,University of Toronto,University of Toronto,,,,
Deep Ganguli,4,,https://openalex.org/A5006294201,A5006294201,https://orcid.org/0009-0007-9435-3817,Deep Ganguli,Deep Ganguli,33,2265,31.5625,18,22,,,,,,,,,,,,,,,,,,,,,,,,,,,,,,,,,,,,,,,,,,,https://openalex.org/I57206974,,,,https://openalex.org/I36672615,,,,,,,,,,,,,,,,,,,,,,,,,,,,,,,,,,,,,,,,,,,,,,,,,,,,,,New York University,,,,Courant Institute of Mathematical Sciences,,,,,,,,,,,
Dustin Li,1,,https://openalex.org/A5077427160,A5077427160,,Dustin Li,Dustin Li,5,147,11.0,5,5,,,,,,,,,,,,,,,,,,,,,,,,,,,,,,,,,,,,,,,,,,,,,,,,,,,,,,,,,,,,,,,,,,,,,,,,,,,,,,,,,,,,,,,,,,,,,,,,,,,,,,,,,,,,,,,,,,,,
Eli Tran-Johnson,1,,https://openalex.org/A5072334146,A5072334146,,Eli Tran-Johnson,Eli Tran‐Johnson,3,268,33.333333333333336,3,2,,,,,,,,,,,,,,,,,,,,,,,,,,,,,,,,,,,,,,,,,,,,,,,,,,,,,,,,,,,,,,,,,,,,,,,,,,,,,,,,,,,,,,,,,,,,,,,,,,,,,,,,,,,,,,,,,,,,
Esin Durmus,6,,https://openalex.org/A5001994692,A5001994692,https://orcid.org/0009-0009-7331-8160,Esin Durmus,Esin Durmus,56,3325,8.703703703703704,22,30,,,,,,,,,,,,,,,,,,,,,,,,,,,,,,,,,,,,,,,,,,,,,,,,,,,https://openalex.org/I205783295,https://openalex.org/I205783295,https://openalex.org/I193531525,https://openalex.org/I205783295,https://openalex.org/I97018004,https://openalex.org/I97018004,https://openalex.org/I97018004,,,,,,,,,,,,,,,,,,,,,,,,,,,,,,,,,,,,,,,,,,,,,,,,,,,,Cornell University,Cornell University,George Washington University,Cornell University,Stanford University,Stanford University,Stanford University,
Ethan Perez,6,,https://openalex.org/A5091112967,A5091112967,,Ethan Perez,"E.D. Carpio Perez, Ethan Perez",74,5163,11.6875,23,36,,,,,,,,,,,,,,,,,,,,,,,,,,,,,,,,,,,,,,,,,,,,,,,,,,https://openalex.org/I74775410,https://openalex.org/I4210155582,https://openalex.org/I2252078561,https://openalex.org/I2252078561,https://openalex.org/I57206974,https://openalex.org/I107639228,https://openalex.org/I119942576,,,,,,,,,,,,,,,,,,,,,,,,,,,,,,,,,,,,,,,,,,,,,,,,,,,,Rice University,Centre Universitaire de Mila,Meta (Israel),Meta (Israel),New York University,University of Notre Dame,University of the Pacific,,
Evan Hubinger,4,,https://openalex.org/A5025461840,A5025461840,,Evan Hubinger,Evan Hubinger,18,206,6.875,7,7,,,,,,,,,,,,,,,,,,,,,,,,,,,,,,,,,,,,,,,,,,,,,,,,,,,,,,,,,,,,,,,,,,,,,,,,,,,,,,,,,,,,,,,,,,,,,,,,,,,,,,,,,,,,,,,,,,,,
Evan Miller,1,,https://openalex.org/A5038728659,A5038728659,,Evan Miller,"E. K. Miller, Evan Miller",3,6,0.0,2,0,,,,,,,,,,,,,,,,,,,,,,,,,,,,,,,,,,,,,,,,,,,,,,,,,,,,,,,,,,,,,,,,,,,,,,,,,,,,,,,,,,,,,,,,,,,,,,,,,,,,,,,,,,,,,,,,,,,,
Fabien Roger,1,,https://openalex.org/A5028042353,A5028042353,,Fabien Roger,Fabien Roger,8,9,0.4,2,0,,,,,,,,,,,,,,,,,,,,,,,,,,,,,,,,,,,,,,,,,,,,,,,,,,,,,,,,,,,,,,,,,,,,,,,,,,,,,,,,,,,,,,,,,,,,,,,,,,,,,,,,,,,,,,,,,,,,
Fazl Barez,2,,https://openalex.org/A5050436152,A5050436152,https://orcid.org/0009-0008-1889-6577,Fazl Barez,Fazl Barez,41,63,0.8235294117647058,4,2,,,,,,,,,,,,,,,,,,,,,,,,,,,,,,,,,,,,,,,,,,,,,,,,,,,,,,,,https://openalex.org/I4403386650,,https://openalex.org/I40120149,,,,,,,,,,,,,,,,,,,,,,,,,,,,,,,,,,,,,,,,,,,,,,,,,,,,,,,,Centre de Robotique,,University of Oxford
Holden Karnofsky,1,,https://openalex.org/A5093713874,A5093713874,,Holden Karnofsky,Holden Karnofsky,2,15,0.0,1,1,,,,,,,,,,,,,,,,,,,,,,,,,,,,,,,,,,,,,,,,,,,,,,,,,,,,,,,,,,,,,,,,,,,,,,,,,,,,,,,,,,,,,,,,,,,,,,,,,,,,,,,,,,,,,,,,,,,,
Jack A. Clark,1,,https://openalex.org/A5012713248,A5012713248,https://orcid.org/0000-0002-7424-1670,Jack A. Clark,"J. Clark, Jack Allen Clark, Jack A. Clark, J. A. Clark, Jack Clark",192,23630,11.590909090909092,57,124,,,,,,,,,,,,,,,,,,,,,,,,,,,,,,,,,,https://openalex.org/I4210087915,https://openalex.org/I4210090056,https://openalex.org/I4210087915,https://openalex.org/I4210087915,,https://openalex.org/I4210087915,https://openalex.org/I4210087915,https://openalex.org/I2800300635,https://openalex.org/I4210087915,https://openalex.org/I2800300635,https://openalex.org/I4210087915,https://openalex.org/I4210090056,https://openalex.org/I2800300635,https://openalex.org/I2800300635,https://openalex.org/I2800300635,https://openalex.org/I2800300635,https://openalex.org/I4210087915,https://openalex.org/I4210090056,https://openalex.org/I111088046,https://openalex.org/I111088046,https://openalex.org/I149213910,https://openalex.org/I2800300635,https://openalex.org/I138006243,https://openalex.org/I111088046,https://openalex.org/I138006243,,,,,,,,,,,,,,,,,,,,,,,,,,,,,,,,,,Massachusetts General Hospital,Bedford VA Research Corporation,Massachusetts General Hospital,Massachusetts General Hospital,,Massachusetts General Hospital,Massachusetts General Hospital,Edith Nourse Rogers Memorial Veterans Hospital,Massachusetts General Hospital,Edith Nourse Rogers Memorial Veterans Hospital,Massachusetts General Hospital,Bedford VA Research Corporation,Edith Nourse Rogers Memorial Veterans Hospital,Edith Nourse Rogers Memorial Veterans Hospital,Edith Nourse Rogers Memorial Veterans Hospital,Edith Nourse Rogers Memorial Veterans Hospital,Massachusetts General Hospital,Bedford VA Research Corporation,Boston University,Boston University,University of Antwerp,Edith Nourse Rogers Memorial Veterans Hospital,University of Arizona,Boston University,University of Arizona
Jack Chen,1,,https://openalex.org/A5113648568,A5113648568,,Jack Chen,Jack Chen,2,26,0.0,2,1,,,,,,,,,,,,,,,,,,,,,,,,,,,,,,,,,https://openalex.org/I2800079252,,,,,,,,,,,,,,,,,,,,,,,,,,,,,,,,,,,,,,,,,,,,,,,,,,,,,,,,,,Royal North Shore Hospital,,,,,,,,,,,,,,,,,,,,,,,,,
Jack Clark,1,,https://openalex.org/A5031107879,A5031107879,,Jack Clark,"J. F. Clark, Jack Clark",20,8311,28.0,13,15,,,,,,,,,,,,,,,,,,,,,,,,,,,,,,,,,,,,,,,,,,,,,,,,,,,,,,,https://openalex.org/I2800403580,,,,,,,,,,,,,,,,,,,,,,,,,,,,,,,,,,,,,,,,,,,,,,,,,,,,,,,,,,University of Minnesota System,,,
Jack Clark,1,,https://openalex.org/A5067800460,A5067800460,,Jack Clark,Jack Clark,2,12,0.0,2,0,,,,,,,,,,,,,,,,,,,,,,,,,,,,,,,,,,,,,,,,,,,,,,,,,,,,,,,,,,,,,,,,,,,,,,,,,,,,,,,,,,,,,,,,,,,,,,,,,,,,,,,,,,,,,,,,,,,,
Jackson Kernion,1,,https://openalex.org/A5057116059,A5057116059,,Jackson Kernion,Jackson Kernion,6,159,9.666666666666666,5,4,,,,,,,,,,,,,,,,,,,,,,,,,,,,,,,,,,,,,,,,,,,,,,,,,,,,,,,,,,,,,,,,,,,,,,,,,,,,,,,,,,,,,,,,,,,,,,,,,,,,,,,,,,,,,,,,,,,,
Jamie Kerr,1,,https://openalex.org/A5081035645,A5081035645,,Jamie Kerr,"Jamie R. Kerr, Jamie Kerr",14,568,19.285714285714285,6,6,,,,,,,,,,,,,,,,,,,,,,,,,,,,,,,,,,,,,,,,,https://openalex.org/I4210099742,,,,,,,https://openalex.org/I195460627,https://openalex.org/I195460627,,,,,,,https://openalex.org/I79817857,,,,,,,,,,,,,,,,,,,,,,,,,,,,,,,,,,,,,,,,,,,Catholic Family Center,,,,,,,University of Aberdeen,University of Aberdeen,,,,,,,University of Guelph,,
Jan Brauner,1,,https://openalex.org/A5030437398,A5030437398,https://orcid.org/0000-0002-1588-5724,Jan Brauner,"Jan Markus Brauner, Jan Brauner, Jan M. Brauner, J. Brauner, Jan M. Brauner, Jan Markus Brauner",56,2652,5.65,18,29,,,,,,,,,,,,,,,,,,,,,,,,,,,,,,,,,,,,,,,,,,,,,,https://openalex.org/I181369854,https://openalex.org/I181369854,,https://openalex.org/I4210088053,https://openalex.org/I181369854,https://openalex.org/I4210106937,,https://openalex.org/I2802123492,https://openalex.org/I155976169,https://openalex.org/I4210146035,https://openalex.org/I4210164802,https://openalex.org/I1309849503,https://openalex.org/I40120149,,,,,,,,,,,,,,,,,,,,,,,,,,,,,,,,,,,,,,,,,,,,,,Friedrich-Alexander-Universität Erlangen-Nürnberg,Friedrich-Alexander-Universität Erlangen-Nürnberg,,Universitätsklinikum Erlangen,Friedrich-Alexander-Universität Erlangen-Nürnberg,Medical Mission Institute,,Oxford Research Group,Witten/Herdecke University,Gemeinschaftskrankenhaus Herdecke,Mila - Quebec Artificial Intelligence Institute,RAND Corporation,University of Oxford
Janel Thamkul,1,,https://openalex.org/A5092362960,A5092362960,,Janel Thamkul,Janel Thamkul,1,33,16.0,1,1,,,,,,,,,,,,,,,,,,,,,,,,,,,,,,,,,,,,,,,,,,,,,,,,,,,,,,,,,,,,,,,,,,,,,,,,,,,,,,,,,,,,,,,,,,,,,,,,,,,,,,,,,,,,,,,,,,,,
Jared Kaplan,8,,https://openalex.org/A5053213601,A5053213601,,Jared Kaplan,"Jared Kaplan, J. Kaplan, J. I. Kaplan",136,27175,24.727272727272727,48,84,,,,,,,,,,,,,,,,,,,,,,,,,,,,,,,,,,,,,,,,,,,https://openalex.org/I97018004,,,https://openalex.org/I97018004,https://openalex.org/I145311948,https://openalex.org/I145311948,https://openalex.org/I145311948,https://openalex.org/I145311948,https://openalex.org/I97018004,https://openalex.org/I145311948,https://openalex.org/I145311948,https://openalex.org/I145311948,https://openalex.org/I161057412,,https://openalex.org/I145311948,,,,,,,,,,,,,,,,,,,,,,,,,,,,,,,,,,,,,,,,,,,,Stanford University,,,Stanford University,Johns Hopkins University,Johns Hopkins University,Johns Hopkins University,Johns Hopkins University,Stanford University,Johns Hopkins University,Johns Hopkins University,Johns Hopkins University,University of New Hampshire,,Johns Hopkins University,
Jared Mueller,1,,https://openalex.org/A5070762421,A5070762421,,Jared Mueller,Jared Mueller,4,123,11.333333333333334,3,3,,,,,,,,,,,,,,,,,,,,,,,,,,,,,,,,,,,,,,,,,,,,,,,,,,,,,,,,,,,,,,,,,,,,,,,,,,,,,,,,,,,,,,,,,,,,,,,,,,,,,,,,,,,,,,,,,,,,
Jesse Mu,1,,https://openalex.org/A5060578216,A5060578216,,Jesse Mu,Jesse Mu,35,367,2.4,11,11,,,,,,,,,,,,,,,,,,,,,,,,,,,,,,,,,,,,,,,,,,,,,,,,,,https://openalex.org/I103531236,,https://openalex.org/I103531236,https://openalex.org/I97018004,https://openalex.org/I97018004,,,,,,,,,,,,,,,,,,,,,,,,,,,,,,,,,,,,,,,,,,,,,,,,,,,,,,Boston College,,Boston College,Stanford University,Stanford University,,,,
Jing Hong,1,,https://openalex.org/A5059202228,A5059202228,https://orcid.org/0000-0002-8079-2073,Jing Hong,"Hong Jing, J. Hong, Jerry Hong, Jyun‐Wei Hong, J.P. Hong, Jinzhu Hong, Jing Hong",227,1541,2.1904761904761907,21,47,,,,,,,,,,,,,,,,,,,,,,,,,,,,,,,,,,,,,,,,,,,,,https://openalex.org/I4210122141,,,,https://openalex.org/I4210141942,https://openalex.org/I4210141942,https://openalex.org/I1327237609,https://openalex.org/I74801974,https://openalex.org/I4210161752,https://openalex.org/I4210141942,https://openalex.org/I74801974,https://openalex.org/I74801974,https://openalex.org/I74801974,https://openalex.org/I4210162753,,,,,,,,,,,,,,,,,,,,,,,,,,,,,,,,,,,,,,,,,,,,,People's Hospital of Xinjiang Uygur Autonomous Region,,,,Peking University Third Hospital,Peking University Third Hospital,Ministry of Education of the People's Republic of China,The University of Tokyo,Beijing Haidian Hospital,Peking University Third Hospital,The University of Tokyo,The University of Tokyo,The University of Tokyo,First Affiliated Hospital of Jinan University
Johannes Treutlein,1,,https://openalex.org/A5047456114,A5047456114,,Johannes Treutlein,Johannes Treutlein,18,25,0.5,3,0,,,,,,,,,,,,,,,,,,,,,,,,,,,,,,,,,,,,,,,,,,,,,,https://openalex.org/I2802164966,,,,,https://openalex.org/I4210114088,,,https://openalex.org/I4210127509,,,,,,,,,,,,,,,,,,,,,,,,,,,,,,,,,,,,,,,,,,,,,,,,,,University Hospital Heidelberg,,,,,Verwaltungs-Berufsgenossenschaft,,,Vector Institute,,,,
Jonathan Uesato,1,,https://openalex.org/A5059226057,A5059226057,,Jonathan Uesato,Jonathan Uesato,54,4117,79.0,23,33,,,,,,,,,,,,,,,,,,,,,,,,,,,,,,,,,,,,,,,,,,,,,,,,,,https://openalex.org/I4210110987,https://openalex.org/I63966007,https://openalex.org/I1291425158,https://openalex.org/I1291425158,https://openalex.org/I1291425158,https://openalex.org/I4210090411,,,,,,,,,,,,,,,,,,,,,,,,,,,,,,,,,,,,,,,,,,,,,,,,,,,,,IIT@MIT,Massachusetts Institute of Technology,Google (United States),Google (United States),Google (United States),DeepMind (United Kingdom),,,
Juhan Bae,1,,https://openalex.org/A5078051293,A5078051293,https://orcid.org/0000-0001-7600-9560,Juhan Bae,"Ju‐Yong Bae, Juhan Bae, J.H. Bae",29,86,3.142857142857143,6,3,,,,,,,,,,,,,,,,,,,,,,,,,,,,,,,,,,,,,,,,,,,https://openalex.org/I2250650973,,,https://openalex.org/I4210131650,https://openalex.org/I4575257,,,,https://openalex.org/I185261750,https://openalex.org/I123919768,https://openalex.org/I185261750,https://openalex.org/I4210127509,,,,,,,,,,,,,,,,,,,,,,,,,,,,,,,,,,,,,,,,,,,,,,,Samsung (South Korea),,,Korea Electronics Technology Institute,Hanyang University,,,,University of Toronto,Epson (United States),University of Toronto,Vector Institute,,,,
Julian Michael,1,,https://openalex.org/A5072681909,A5072681909,,Julian Michael,"Michael Julian, Julian Michael",55,8844,4.583333333333333,18,22,,,,,,,,,,,,,,,,,,,,,,,,,,,,,,,,,,,,,,,,,,,,,,,,,https://openalex.org/I201448701,https://openalex.org/I201448701,https://openalex.org/I57206974,https://openalex.org/I201448701,https://openalex.org/I201448701,https://openalex.org/I16391192,https://openalex.org/I201448701,https://openalex.org/I95457486,,,,,,,,,,,,,,,,,,,,,,,,,,,,,,,,,,,,,,,,,,,,,,,,,,,University of Washington,University of Washington,New York University,University of Washington,University of Washington,Tel Aviv University,University of Washington,"University of California, Berkeley",,
Kamal Ndousse,3,,https://openalex.org/A5028970835,A5028970835,,Kamal Ndousse,Kamal Ndousse,23,1208,25.266666666666666,13,15,,,,,,,,,,,,,,,,,,,,,,,,,,,,,,,,,,,,,,,,,,,,,,,,,,,,,https://openalex.org/I4210161460,https://openalex.org/I4210161460,,https://openalex.org/I4210115175,,,,,,,,,,,,,,,,,,,,,,,,,,,,,,,,,,,,,,,,,,,,,,,,,,,,,,,OpenAI (United States),OpenAI (United States),,AnthroTronix (United States),,
Kamilė Lukošiūtė,1,,https://openalex.org/A5025573579,A5025573579,https://orcid.org/0000-0002-0332-7899,Kamilė Lukošiūtė,"Kamile Lukosiute, K Lukošiute, Kamilė Lukošiūtė",15,247,5.571428571428571,7,7,,,,,,,,,,,,,,,,,,,,,,,,,,,,,,,,,,,,,,,,,,,,,,,,,,,,,,https://openalex.org/I887064364,https://openalex.org/I887064364,https://openalex.org/I887064364,,,,,,,,,,,,,,,,,,,,,,,,,,,,,,,,,,,,,,,,,,,,,,,,,,,,,,,,University of Amsterdam,University of Amsterdam,University of Amsterdam,,
Karina Nguyen,3,,https://openalex.org/A5032805177,A5032805177,,Karina Nguyen,Karina Nguyen,9,178,8.11111111111111,6,5,,,,,,,,,,,,,,,,,,,,,,,,,,,,,,,,,,,,,,,,,,,,,,,,,,,,,,,,,,,,,,,,,,,,,,,,,,,,,,,,,,,,,,,,,,,,,,,,,,,,,,,,,,,,,,,,,,,,
Karina Nyugen,1,,https://openalex.org/A5092362961,A5092362961,,Karina Nyugen,Karina Nyugen,1,33,16.0,1,1,,,,,,,,,,,,,,,,,,,,,,,,,,,,,,,,,,,,,,,,,,,,,,,,,,,,,,,,,,,,,,,,,,,,,,,,,,,,,,,,,,,,,,,,,,,,,,,,,,,,,,,,,,,,,,,,,,,,
Kshitij Sachan,1,,https://openalex.org/A5084231398,A5084231398,,Kshitij Sachan,Kshitij Sachan,4,25,0.5,3,1,,,,,,,,,,,,,,,,,,,,,,,,,,,,,,,,,,,,,,,,,,,,,,,,,,,,,,,,,,,,,,,,,,,,,,,,,,,,,,,,,,,,,,,,,,,,,,,,,,,,,,,,,,,,,,,,,,,,
Kunal Handa,1,,https://openalex.org/A5036181983,A5036181983,,Kunal Handa,"K Handa, Kunal Handa",12,33,1.1428571428571428,3,1,,,,,,,,,,,,,,,,,,,,,,,,,,,,,,,,,,,,,,,,,,,,,,,,,,,,,,https://openalex.org/I4210131147,https://openalex.org/I27804330,https://openalex.org/I1291425158,,,,,,,,,,,,,,,,,,,,,,,,,,,,,,,,,,,,,,,,,,,,,,,,,,,,,,,,SRM University,Brown University,Google (United States),,
Landon Goldberg,1,,https://openalex.org/A5015730722,A5015730722,,Landon Goldberg,Landon Goldberg,3,101,14.5,2,2,,,,,,,,,,,,,,,,,,,,,,,,,,,,,,,,,,,,,,,,,,,,,,,,,,,,,,,,,,,,,,,,,,,,,,,,,,,,,,,,,,,,,,,,,,,,,,,,,,,,,,,,,,,,,,,,,,,,
Liane Lovitt,2,,https://openalex.org/A5026784501,A5026784501,,Liane Lovitt,Liane Lovitt,6,449,31.8,3,3,,,,,,,,,,,,,,,,,,,,,,,,,,,,,,,,,,,,,,,,,,,,,,,,,,,,,,,,,,,,,,,,,,,,,,,,,,,,,,,,,,,,,,,,,,,,,,,,,,,,,,,,,,,,,,,,,,,,
Liane Lovitt,1,,https://openalex.org/A5085473601,A5085473601,,Liane Lovitt,Liane Lovitt,3,281,34.666666666666664,3,3,,,,,,,,,,,,,,,,,,,,,,,,,,,,,,,,,,,,,,,,,,,,,,,,,,,,,,,,,,,,,,,,,,,,,,,,,,,,,,,,,,,,,,,,,,,,,,,,,,,,,,,,,,,,,,,,,,,,
Linda Petrini,1,,https://openalex.org/A5115560877,A5115560877,,Linda Petrini,Linda Petrini,2,5,0.0,1,0,,,,,,,,,,,,,,,,,,,,,,,,,,,,,,,,,,,,,,,,,,,,,,,,,,,,,,,,,,,,,,,,,,,,,,,,,,,,,,,,,,,,,,,,,,,,,,,,,,,,,,,,,,,,,,,,,,,,
Logan Graham,1,,https://openalex.org/A5041121552,A5041121552,,Logan Graham,"Logan Graham, Graham Logan",8,319,0.0,5,5,,,,,,,,,,,,,,,,,,,,,,,,,,,,,,,,,,,,,,,,,,,,,,,,,,,,https://openalex.org/I1331816111,https://openalex.org/I40120149,,,,,,,,,,,,,,,,,,,,,,,,,,,,,,,,,,,,,,,,,,,,,,,,,,,,,,,,,Geoscience Australia,University of Oxford,,,,,
Marina Favaro,1,,https://openalex.org/A5069116837,A5069116837,,Marina Favaro,"M. FÁVARO, Marina de Souza Filho Favaro, Marina Favaro",16,75,1.0,6,4,,,,,,,,,,,,,,,,,,,,,,,,,,,,,,,,,,,,,,,,,,,,,https://openalex.org/I4210156688,,,,,,,,https://openalex.org/I4210127042,,,,,,,,,,,,,,,,,,,,,,,,,,,,,,,,,,,,,,,,,,,,,,,,,,Centro Universitário de Araraquara,,,,,,,,RAND Europe,,,,,
Meg Tong,2,,https://openalex.org/A5111092720,A5111092720,,Meg Tong,Meg Tong,7,72,7.75,4,3,,,,,,,,,,,,,,,,,,,,,,,,,,,,,,,,,,,,,,,,,,,,,,,,,,,,,,,,,,,,,,,,,,,,,,,,,,,,,,,,,,,,,,,,,,,,,,,,,,,,,,,,,,,,,,,,,,,,
Michael E. Stern,1,,https://openalex.org/A5024092541,A5024092541,https://orcid.org/0000-0001-7466-1184,Michael E. Stern,"Michael Ethan Stern, M. Stern, M. E. Stern, Michael Stern, Michael E. Stern",306,15476,4.0,65,158,,,,,,,,,,,,,,,,,,,,,,,,,,,,,,,,,,,,https://openalex.org/I108103353,,,,,,,https://openalex.org/I2801107848,,https://openalex.org/I108103353,,,https://openalex.org/I108103353,https://openalex.org/I205783295,https://openalex.org/I4387153466,https://openalex.org/I4387153466,https://openalex.org/I108103353,https://openalex.org/I4387153466,https://openalex.org/I180923762,https://openalex.org/I21250087,https://openalex.org/I4387153466,https://openalex.org/I4387153466,https://openalex.org/I1340179700,,,,,,,,,,,,,,,,,,,,,,,,,,,,,,,,,,,,Universidad de Valladolid,,,,,,,New York Hospital Queens,,Universidad de Valladolid,,,Universidad de Valladolid,Cornell University,Weill Cornell Medicine,Weill Cornell Medicine,Universidad de Valladolid,Weill Cornell Medicine,University of Cologne,Charles University,Weill Cornell Medicine,Weill Cornell Medicine,NewYork–Presbyterian Hospital
Michael Sellitto,1,,https://openalex.org/A5085932648,A5085932648,,Michael Sellitto,"Michael A. Sellitto, Michael Sellitto",14,612,18.571428571428573,9,9,,,,,,,,,,,,,,,,,,,,,,,,,,,,,,,,,,,,,,,,,,,,https://openalex.org/I136199984,https://openalex.org/I4210117453,,,,,,,,,,,,,,,,,,,,,,,,,,,,,,,,,,,,,,,,,,,,,,,,,,,,,,,,,Harvard University,Dana-Farber Cancer Institute,,,,,,,,,,,,,
Mike Lambert,1,,https://openalex.org/A5103263684,A5103263684,https://orcid.org/0000-0002-9785-076X,Mike Lambert,"M. Lambert, Mike Lambert, Mike LAMBERT Yazar Soyadı",19,35,0.0,3,1,,,,,,,,,,,,,,,,,,,,,,,,,,,,,,,,,,,,,,https://openalex.org/I119664326,https://openalex.org/I4210139052,,https://openalex.org/I119664326,,,https://openalex.org/I173869447,,,,,,,,,https://openalex.org/I119664326,,,,,,,,,,,,,,,,,,,,,,,,,,,,,,,,,,,,,,,,,,,University of Wolverhampton,ENVItech Bohemia (Czechia),,University of Wolverhampton,,,Qinetiq (United Kingdom),,,,,,,,,University of Wolverhampton,,,,,
Miles McCain,1,,https://openalex.org/A5029616530,A5029616530,https://orcid.org/0000-0001-5326-9212,Miles McCain,"R. Miles McCain, Miles McCain",5,348,2.0,3,3,,,,,,,,,,,,,,,,,,,,,,,,,,,,,,,,,,,,,,,,,,,,,,,,,,,,,https://openalex.org/I1743320,,,https://openalex.org/I97018004,,,,,,,,,,,,,,,,,,,,,,,,,,,,,,,,,,,,,,,,,,,,,,,,,,,,,,,Palo Alto University,,,Stanford University,,
Miranda Zhang,1,,https://openalex.org/A5057999428,A5057999428,,Miranda Zhang,Miranda Zhang,18,555,13.666666666666666,12,12,,,,,,,,,,,,,,,,,,,,,,,,,,,,,,,,,,,,,,,,,,,,,https://openalex.org/I1292875679,https://openalex.org/I4210101388,https://openalex.org/I1292875679,https://openalex.org/I1292875679,https://openalex.org/I118347636,https://openalex.org/I118347636,,,,,,,,,,,,,,,,,,,,,,,,,,,,,,,,,,,,,,,,,,,,,,,,,,,,,Commonwealth Scientific and Industrial Research Organisation,Health Sciences and Nutrition,Commonwealth Scientific and Industrial Research Organisation,Commonwealth Scientific and Industrial Research Organisation,Australian National University,Australian National University,,,,,,,,
Monte MacDiarmid,3,,https://openalex.org/A5084608104,A5084608104,,Monte MacDiarmid,Monte MacDiarmid,9,57,0.0,4,3,,,,,,,,,,,,,,,,,,,,,,,,,,,,,,,,,,,,,,,,https://openalex.org/I4210146410,https://openalex.org/I40120149,,,,,,,,,,,,,,,,,,,,,,,,,,,,,,,,,,,,,,,,,,,,,,,,,,,,,,,,,Science Oxford,University of Oxford,,,,,,,,,,,,,,,,,
Mrinank Sharma,2,,https://openalex.org/A5003223014,A5003223014,https://orcid.org/0000-0002-4304-7963,Mrinank Sharma,"Mrinank Sharma, M. B. Sharma, M. Sharma",37,1888,7.7,13,16,,,,,,,,,,,,,,,,,,,,,,,,,,,,,,,,,,,,,,,,,,,,,,,,,,,,https://openalex.org/I40120149,https://openalex.org/I4210146410,https://openalex.org/I40120149,https://openalex.org/I5847235,https://openalex.org/I40120149,https://openalex.org/I4210089305,,,,,,,,,,,,,,,,,,,,,,,,,,,,,,,,,,,,,,,,,,,,,,,,,,,,,University of Oxford,Science Oxford,University of Oxford,University of Petroleum and Energy Studies,University of Oxford,"Dr. D. Y. Patil Medical College, Hospital and Research Centre",
Nelson Elhage,2,,https://openalex.org/A5020683620,A5020683620,,Nelson Elhage,Nelson Elhage,21,1212,25.2,15,16,,,,,,,,,,,,,,,,,,,,,,,,,,,,,,,,,,,,,,,,,,https://openalex.org/I63966007,https://openalex.org/I63966007,,,,,,,,,,,,,,,,,,,,,,,,,,,,,,,,,,,,,,,,,,,,,,,,,,,,,,,,,Massachusetts Institute of Technology,Massachusetts Institute of Technology,,,,,,,,,,,,,,,
Newton Cheng,3,,https://openalex.org/A5058959806,A5058959806,,Newton Cheng,Newton Cheng,17,840,32.25,10,10,,,,,,,,,,,,,,,,,,,,,,,,,,,,,,,,,,,,,,,,,,,,https://openalex.org/I157725225,,,,,,,,https://openalex.org/I95457486,https://openalex.org/I95457486,,https://openalex.org/I95457486,https://openalex.org/I95457486,,,,,,,,,,,,,,,,,,,,,,,,,,,,,,,,,,,,,,,,,,,,,,University of Illinois Urbana-Champaign,,,,,,,,"University of California, Berkeley","University of California, Berkeley",,"University of California, Berkeley","University of California, Berkeley",,
Nicholas Joseph,4,,https://openalex.org/A5032088236,A5032088236,https://orcid.org/0000-0002-1972-0783,Nicholas Joseph,"Nicholas Joseph, Nicholas C. Joseph, N. Joseph, Nicholas C Joseph",50,1651,16.85,21,27,,,,,,,,,,,,,,,,,,,,,,,,,,,,,,,,,,,,,,,,,,,,,,,https://openalex.org/I52357470,https://openalex.org/I2802841970,https://openalex.org/I2801339556,https://openalex.org/I2802841970,,,https://openalex.org/I4210121988,https://openalex.org/I52357470,,https://openalex.org/I63190737,,,,,,,,,,,,,,,,,,,,,,,,,,,,,,,,,,,,,,,,,,,,,,,,,The Ohio State University,The Ohio State University Wexner Medical Center,Government of the Republic of Korea,The Ohio State University Wexner Medical Center,,,Film Independent,The Ohio State University,,"University at Buffalo, State University of New York",,
Nicholas Schiefer,5,,https://openalex.org/A5050348824,A5050348824,https://orcid.org/0000-0002-3065-6399,Nicholas Schiefer,Nicholas Schiefer,26,755,13.105263157894736,12,14,,,,,,,,,,,,,,,,,,,,,,,,,,,,,,,,,,,,,,,,,,,,,,,,https://openalex.org/I122411786,https://openalex.org/I122411786,,,https://openalex.org/I4210153776,,,,https://openalex.org/I1311688040,,,,,,,,,,,,,,,,,,,,,,,,,,,,,,,,,,,,,,,,,,,,,,,,,,California Institute of Technology,California Institute of Technology,,,Apple (United States),,,,Amazon (United States),,
Nova DasSarma,1,,https://openalex.org/A5011723751,A5011723751,,Nova DasSarma,Nova DasSarma,4,150,14.666666666666666,4,4,,,,,,,,,,,,,,,,,,,,,,,,,,,,,,,,,,,,,,,,,,,,,,,,,,,,,,,,,,,,,,,,,,,,,,,,,,,,,,,,,,,,,,,,,,,,,,,,,,,,,,,,,,,,,,,,,,,,
Nova DasSarma,1,,https://openalex.org/A5030783855,A5030783855,,Nova DasSarma,Nova DasSarma,3,252,30.0,3,2,,,,,,,,,,,,,,,,,,,,,,,,,,,,,,,,,,,,,,,,,,,,,,,,,,,,,,,,,,,,,,,,,,,,,,,,,,,,,,,,,,,,,,,,,,,,,,,,,,,,,,,,,,,,,,,,,,,,
Oliver Rausch,2,,https://openalex.org/A5053939329,A5053939329,https://orcid.org/0000-0003-4074-3848,Oliver Rausch,"Oliver Rausch, O. Rausch, Oliver L Rausch",135,3186,2.9047619047619047,21,28,,,,,,,,,,,,,,,,,,,,,,,,,,,,,,,https://openalex.org/I74656192,https://openalex.org/I142947616,https://openalex.org/I188950975,,,https://openalex.org/I188950975,,https://openalex.org/I4210110691,https://openalex.org/I4210110691,,https://openalex.org/I4210110691,,https://openalex.org/I4210134054,https://openalex.org/I76842071,https://openalex.org/I4210098467,,,https://openalex.org/I85722119,https://openalex.org/I4210098467,,,,https://openalex.org/I35440088,,https://openalex.org/I35440088,https://openalex.org/I4210092285,https://openalex.org/I4210092285,https://openalex.org/I4210092285,,,,,,,,,,,,,,,,,,,,,,,,,,,,,,,University of Göttingen,Institute of Cancer Research,GlaxoSmithKline (United Kingdom),,,GlaxoSmithKline (United Kingdom),,Granta Design (United Kingdom),Granta Design (United Kingdom),,Granta Design (United Kingdom),,UCB Pharma (United Kingdom),Icesi University,CellCentric (United Kingdom),,,UCB Pharma (Belgium),CellCentric (United Kingdom),,,,ETH Zurich,,ETH Zurich,Mission Therapeutics (United Kingdom),Mission Therapeutics (United Kingdom),Mission Therapeutics (United Kingdom)
Orowa Sikder,1,,https://openalex.org/A5072731542,A5072731542,https://orcid.org/0000-0001-6982-0144,Orowa Sikder,Orowa Sikder,6,105,16.0,2,2,,,,,,,,,,,,,,,,,,,,,,,,,,,,,,,,,,,,,,,,,,,,,,,,,,,https://openalex.org/I45129253,,https://openalex.org/I45129253,https://openalex.org/I45129253,,,,,,,,,,,,,,,,,,,,,,,,,,,,,,,,,,,,,,,,,,,,,,,,,,,,,,,University College London,,University College London,University College London,,,,
Paul Christiano,1,,https://openalex.org/A5109502066,A5109502066,,Paul Christiano,"Paul P. Christiano, P. P. Christiano, Paul Christiano, P. Christiano, Christiano Paul",67,6617,282.75,17,26,,,,,,,https://openalex.org/I130238516,https://openalex.org/I130238516,https://openalex.org/I130238516,https://openalex.org/I130238516,https://openalex.org/I130238516,https://openalex.org/I130238516,https://openalex.org/I74973139,https://openalex.org/I74973139,https://openalex.org/I74973139,,https://openalex.org/I74973139,,https://openalex.org/I74973139,,https://openalex.org/I74973139,https://openalex.org/I74973139,https://openalex.org/I4210158583,,,https://openalex.org/I196817621,,,,,,,,,,,,,,,,,,https://openalex.org/I126820664,,,,,,,,,,https://openalex.org/I4210161460,,,,,,,,,,,University of Minnesota,University of Minnesota,University of Minnesota,University of Minnesota,University of Minnesota,University of Minnesota,Carnegie Mellon University,Carnegie Mellon University,Carnegie Mellon University,,Carnegie Mellon University,,Carnegie Mellon University,,Carnegie Mellon University,Carnegie Mellon University,D'Appolonia (Italy),,,Carnegie Institution for Science,,,,,,,,,,,,,,,,,,Vassar College,,,,,,,,,,OpenAI (United States),,,,
Robin J. Larson,1,,https://openalex.org/A5051064337,A5051064337,,Robin J. Larson,"R. Larson, Robin J. Larson, Robin Joyce Larson, Robin Larson, R. J. Larson",55,3393,18.25,24,30,,,,,,,,,,,,,,,,,,,,,,,,,,,,,,,,,,,,,https://openalex.org/I4210118357,https://openalex.org/I4210118357,https://openalex.org/I4210118357,https://openalex.org/I107672454,https://openalex.org/I4210118357,https://openalex.org/I126688049,https://openalex.org/I126688049,https://openalex.org/I4210118357,https://openalex.org/I4210118357,https://openalex.org/I4210118357,https://openalex.org/I4210118357,https://openalex.org/I1343551460,https://openalex.org/I145608581,,,,,,,https://openalex.org/I1289422878,https://openalex.org/I1289422878,https://openalex.org/I4210124610,,,,,,,,,,,,,,,,,,,,,,,,,,,,,,,,,,,,,White River Junction VA Medical Center,White River Junction VA Medical Center,White River Junction VA Medical Center,Dartmouth College,White River Junction VA Medical Center,Dartmouth Institute for Health Policy and Clinical Practice,Dartmouth Institute for Health Policy and Clinical Practice,White River Junction VA Medical Center,White River Junction VA Medical Center,White River Junction VA Medical Center,White River Junction VA Medical Center,The University of Texas MD Anderson Cancer Center,University of Miami,,,,,,,Dartmouth–Hitchcock Medical Center,Dartmouth–Hitchcock Medical Center,Natera (United States)
Roger Grosse,2,,https://openalex.org/A5067036768,A5067036768,,Roger Grosse,"R. Grosse, Roger B. Grosse, Roger Baker Grosse, Roger Grosse",152,10504,4.357142857142857,42,91,,,,,,,,,,,,,,,,,,,,,,,,,,,,,,,,,,,,,,,,https://openalex.org/I97018004,,https://openalex.org/I97018004,,https://openalex.org/I63966007,https://openalex.org/I63966007,https://openalex.org/I63966007,https://openalex.org/I4210104429,https://openalex.org/I185261750,https://openalex.org/I185261750,https://openalex.org/I185261750,https://openalex.org/I185261750,https://openalex.org/I185261750,https://openalex.org/I185261750,https://openalex.org/I185261750,,,,,,,,,,,,,,,,,,,,,,,,,,,,,,,,,,,,,,,,,,,,Stanford University,,Stanford University,,Massachusetts Institute of Technology,Massachusetts Institute of Technology,Massachusetts Institute of Technology,Institute of Cognitive and Brain Sciences,University of Toronto,University of Toronto,University of Toronto,University of Toronto,University of Toronto,University of Toronto,University of Toronto,,,,
Ryan Greenblatt,2,,https://openalex.org/A5037548279,A5037548279,,Ryan Greenblatt,Ryan Greenblatt,8,21,0.3333333333333333,2,1,,,,,,,,,,,,,,,,,,,,,,,,,,,,,,,,,,,,,,,,,,,,,,,,,,,https://openalex.org/I4210103136,,,,,,,,,,,,,,,,,,,,,,,,,,,,,,,,,,,,,,,,,,,,,,,,,,,,,,,,,,Zebra Biologics (United States),,,,,,,
Ryan Soklaski,1,,https://openalex.org/A5099241628,A5099241628,,Ryan Soklaski,Ryan Soklaski,1,0,0.0,0,0,,,,,,,,,,,,,,,,,,,,,,,,,,,,,,,,,,,,,,,,,,,,,,,,,,,,,,,,,,,,,,,,,,,,,,,,,,,,,,,,,,,,,,,,,,,,,,,,,,,,,,,,,,,,,,,,,,,,
Saffron Huang,1,,https://openalex.org/A5040949100,A5040949100,https://orcid.org/0009-0008-2654-5961,Saffron Huang,Saffron Huang,11,659,17.5,8,7,,,,,,,,,,,,,,,,,,,,,,,,,,,,,,,,,,,,,,,,,,,,,,,,,,,,,,,https://openalex.org/I57206974,https://openalex.org/I4210090411,,,,,,,,,,,,,,,,,,,,,,,,,,,,,,,,,,,,,,,,,,,,,,,,,,,,,,,,,New York University,DeepMind (United Kingdom),,
Sam McCandlish,4,,https://openalex.org/A5054887773,A5054887773,,Sam McCandlish,Sam Mccandlish,34,19730,21.2,21,27,,,,,,,,,,,,,,,,,,,,,,,,,,,,,,,,,,,,,,,,,,,,,,,,,,,,,,,https://openalex.org/I51441396,,,,,,,,,,,,,,,,,,,,,,,,,,,,,,,,,,,,,,,,,,,,,,,,,,,,,,,,,,Bauhaus-Universität Weimar,,,
Samuel Marks,1,,https://openalex.org/A5032071922,A5032071922,,Samuel Marks,"Samuel Marks, S Marks",4,1,0.0,1,0,,,,,,,,,,,,,,,,,,,,,,,,,,,,,,,,,,,,,,,,,,,,,,,,,,,,,,,,,,,,,,,,,,,,,,,,,,,,,,,,,,,,,,,,,,,,,,,,,,,,,,,,,,,,,,,,,,,,
Samuel R. Bowman,5,,https://openalex.org/A5112713734,A5112713734,,Samuel R. Bowman,"S. Ray Bowman, Samuel Bowman, Samuel R. Bowman",213,18347,12.571428571428571,46,101,,,,,,,,,,,,,,,,,,,,,,,,,,,,,,,,,,,,,,,,,,,,,https://openalex.org/I2800048442,,,https://openalex.org/I1344076864,https://openalex.org/I1291425158,https://openalex.org/I57206974,https://openalex.org/I1291425158,https://openalex.org/I145311948,https://openalex.org/I2802236040,https://openalex.org/I4210140341,https://openalex.org/I57206974,https://openalex.org/I57206974,,,,,,,,,,,,,,,,,,,,,,,,,,,,,,,,,,,,,,,,,,,,,,,Center for International Environmental Law,,,Center for Applied Linguistics,Google (United States),New York University,Google (United States),Johns Hopkins University,University of Colorado System,Allen Institute,New York University,New York University,,
Sandipan Kundu,1,,https://openalex.org/A5010007563,A5010007563,https://orcid.org/0000-0002-0754-0072,Sandipan Kundu,"Sandipan Kundu, S. K. Kundu",60,2003,10.5,21,36,,,,https://openalex.org/I118347636,,,,,,,,,,,,,,,,,,,,,,,,,,,,,,,,,,,,,,,,https://openalex.org/I86519309,https://openalex.org/I86519309,https://openalex.org/I86519309,https://openalex.org/I4210158342,https://openalex.org/I86519309,https://openalex.org/I205783295,https://openalex.org/I205783295,https://openalex.org/I145311948,https://openalex.org/I145311948,https://openalex.org/I145311948,https://openalex.org/I145311948,https://openalex.org/I145311948,https://openalex.org/I79576946,,,,,,Australian National University,,,,,,,,,,,,,,,,,,,,,,,,,,,,,,,,,,,,,,,,The University of Texas at Austin,The University of Texas at Austin,The University of Texas at Austin,Intel (United Kingdom),The University of Texas at Austin,Cornell University,Cornell University,Johns Hopkins University,Johns Hopkins University,Johns Hopkins University,Johns Hopkins University,Johns Hopkins University,University of Pennsylvania,,
Saurav Kadavath,1,,https://openalex.org/A5061506488,A5061506488,,Saurav Kadavath,Saurav Kadavath,20,2534,28.2,13,14,,,,,,,,,,,,,,,,,,,,,,,,,,,,,,,,,,,,,,,,,,,,,,,,,,,,https://openalex.org/I95457486,,https://openalex.org/I95457486,,,,,,,,,,,,,,,,,,,,,,,,,,,,,,,,,,,,,,,,,,,,,,,,,,,,,,,,"University of California, Berkeley",,"University of California, Berkeley",,,,
Scott R. Johnston,1,,https://openalex.org/A5113030004,A5113030004,,Scott R. Johnston,Scott R. Johnston,1,23,12.0,1,1,,,,,,,,,,,,,,,,,,,,,,,,,,,,,,,,,,,,,,,,,,,,,,,,,,,,,,,,,,,,,,,,,,,,,,,,,,,,,,,,,,,,,,,,,,,,,,,,,,,,,,,,,,,,,,,,,,,,
Shan Carter,1,,https://openalex.org/A5087762412,A5087762412,,Shan Carter,Shan Carter,12,1277,0.0,10,10,,,,,,,,,,,,,,,,,,,,,,,,,,,,,,,,,,,,,,,,,,,,,,,,,https://openalex.org/I1291425158,https://openalex.org/I1291425158,https://openalex.org/I1291425158,https://openalex.org/I1291425158,https://openalex.org/I4210161460,,,,,,,,,,,,,,,,,,,,,,,,,,,,,,,,,,,,,,,,,,,,,,,,,,,,,,Google (United States),Google (United States),Google (United States),Google (United States),OpenAI (United States),,,,,
Shannon Yang,1,,https://openalex.org/A5037725211,A5037725211,,Shannon Yang,Shannon Yang,6,35,5.0,3,2,,,,,,,,,,,,,,,,,,,,,,,,,,,,,,,,,,,,,,,,,,,,,,,,,,,,,,https://openalex.org/I4210114444,,,,,,,,,,,,,,,,,,,,,,,,,,,,,,,,,,,,,,,,,,,,,,,,,,,,,,,,,,Meta (United States),,,,
Shauna Kravec,5,,https://openalex.org/A5009112681,A5009112681,,Shauna Kravec,"Shauna Kravec, S. M. Kravec",21,1171,26.0,14,16,,,,,,,,,,,,,,,,,,,,,,,,,,,,,,,,,,,,,,,,,,,,,,https://openalex.org/I36258959,,https://openalex.org/I36258959,,,,https://openalex.org/I36258959,,,,,,,,,,,,,,,,,,,,,,,,,,,,,,,,,,,,,,,,,,,,,,,,,,,,"University of California, San Diego",,"University of California, San Diego",,,,"University of California, San Diego",,,,,,
Shula Marks,1,,https://openalex.org/A5109556682,A5109556682,,Shula Marks,"Shula Marks, Sam Marks, S. F. Marks, S. Marks",188,3887,1.0,33,51,,,,,,,,,,,,https://openalex.org/I4210148914,,,https://openalex.org/I4210148914,,,,,https://openalex.org/I4210148914,,https://openalex.org/I4210089966,https://openalex.org/I2800664540,https://openalex.org/I4210148914,https://openalex.org/I4210148914,https://openalex.org/I4210148914,https://openalex.org/I4210148914,https://openalex.org/I4210148914,https://openalex.org/I4210160447,https://openalex.org/I124357947,https://openalex.org/I4210160447,https://openalex.org/I31575130,https://openalex.org/I4210160447,https://openalex.org/I4210160447,https://openalex.org/I31575130,https://openalex.org/I4210160447,https://openalex.org/I2802488147,,,,,https://openalex.org/I4392021135,,https://openalex.org/I4210160447,https://openalex.org/I45129253,,https://openalex.org/I31575130,https://openalex.org/I4210160447,,https://openalex.org/I124261462,,,,,,,,,,,,,,,,,,,,Commonwealth Education Trust,,,Commonwealth Education Trust,,,,,Commonwealth Education Trust,,London School of Hygiene & Tropical Medicine,Centenary Institute,Commonwealth Education Trust,Commonwealth Education Trust,Commonwealth Education Trust,Commonwealth Education Trust,Commonwealth Education Trust,Universidad de Londres,University of London,Universidad de Londres,SOAS University of London,Universidad de Londres,Universidad de Londres,SOAS University of London,Universidad de Londres,School of Advanced Study,,,,,Transnational Press London,,Universidad de Londres,University College London,,SOAS University of London,Universidad de Londres,,Oxford Brookes University,,,,,,,,
Stuart J. Ritchie,1,,https://openalex.org/A5049097607,A5049097607,https://orcid.org/0000-0001-8512-7825,Stuart J. Ritchie,"Stuart James Ritchie, Stuart J. Ritchie, S. Ritchie, S. J. Ritchie, Stuart Ritchie",204,13206,2.875,54,117,,,,,,,,,,,,,,,,,,,,,,,,,,,,,,,,,,,,,,,,,,,,https://openalex.org/I98677209,https://openalex.org/I98677209,https://openalex.org/I98677209,https://openalex.org/I98677209,https://openalex.org/I4210091839,https://openalex.org/I4210091839,https://openalex.org/I4210096995,https://openalex.org/I2802050120,https://openalex.org/I299730958,https://openalex.org/I167261309,https://openalex.org/I183935753,https://openalex.org/I183935753,https://openalex.org/I183935753,,,,,,,,,,,,,,,,,,,,,,,,,,,,,,,,,,,,,,,,,,,,,,University of Edinburgh,University of Edinburgh,University of Edinburgh,University of Edinburgh,Alzheimer Scotland,Alzheimer Scotland,Ixico (United Kingdom),Southern General Hospital,Ricardo (United Kingdom),Royal Botanic Garden Edinburgh,King's College London,King's College London,King's College London,,
Sören Mindermann,3,,https://openalex.org/A5012960540,A5012960540,https://orcid.org/0000-0002-0315-9821,Sören Mindermann,Sören Mindermann,42,2128,10.0,16,22,,,,,,,,,,,,,,,,,,,,,,,,,,,,,,,,,,,,,,,,,,,,,,,,,,https://openalex.org/I40120149,https://openalex.org/I40120149,,https://openalex.org/I2802123492,https://openalex.org/I40120149,https://openalex.org/I40120149,https://openalex.org/I1309849503,https://openalex.org/I70931966,https://openalex.org/I4210164802,,,,,,,,,,,,,,,,,,,,,,,,,,,,,,,,,,,,,,,,,,,,,,,,,,University of Oxford,University of Oxford,,Oxford Research Group,University of Oxford,University of Oxford,RAND Corporation,Université de Montréal,Mila - Quebec Artificial Intelligence Institute
T. Maxwell,1,,https://openalex.org/A5108360703,A5108360703,,T. Maxwell,"T. T. Maxwell, Tientcheu‐Nsiewe Max‐well, Timothy Maxwell, T. Maxwell, Timothy Taylor Maxwell, Timothy T. Maxwell",74,743,10.0,14,25,,,,,,,,,,,,,https://openalex.org/I1309849503,,,https://openalex.org/I82497590,,,,,,,,,,,,,,https://openalex.org/I1317635190,,,,,,https://openalex.org/I12315562,,https://openalex.org/I12315562,https://openalex.org/I12315562,,https://openalex.org/I12315562,,https://openalex.org/I12315562,,,https://openalex.org/I12315562,https://openalex.org/I12315562,https://openalex.org/I12315562,,,,,https://openalex.org/I12315562,,,,https://openalex.org/I12315562,,,,,,,,,,,,,,RAND Corporation,,,Auburn University,,,,,,,,,,,,,,Valve (United States),,,,,,Texas Tech University,,Texas Tech University,Texas Tech University,,Texas Tech University,,Texas Tech University,,,Texas Tech University,Texas Tech University,Texas Tech University,,,,,Texas Tech University,,,,Texas Tech University,
Tamera Lanham,1,,https://openalex.org/A5022793124,A5022793124,,Tamera Lanham,Tamera Lanham,7,396,23.166666666666668,7,6,,,,,,,,,,,,,,,,,,,,,,,,,,,,,,,,,,,,,,,,,,,,,,,,,,,,,,,,,,,,,,,,,,,,,,,,,,,,,,,,,,,,,,,,,,,,,,,,,,,,,,,,,,,,,,,,,,,,
Theodore R. Sumers,1,,https://openalex.org/A5115560625,A5115560625,,Theodore R. Sumers,"Theodore R. Sumers, Theodore Sumers",2,5,0.0,1,0,,,,,,,,,,,,,,,,,,,,,,,,,,,,,,,,,,,,,,,,,,,,,,,,,,,,,,,,,,,,,,,,,,,,,,,,,,,,,,,,,,,,,,,,,,,,,,,,,,,,,,,,,,,,,,,,,,,,
Thomas I. Liao,2,,https://openalex.org/A5058639265,A5058639265,https://orcid.org/0009-0002-3936-1391,Thomas I. Liao,Thomas I. Liao,5,63,6.333333333333333,3,2,,,,,,,,,,,,,,,,,,,,,,,,,,,,,,,,,,,,,,,,,,,,,,,,,,,,,,,,,,,,,,,,,,,,,,,,,,,,,,,,,,,,,,,,,,,,,,,,,,,,,,,,,,,,,,,,,,,,
Tim Belonax,1,,https://openalex.org/A5115560878,A5115560878,,Tim Belonax,Tim Belonax,1,3,0.0,1,0,,,,,,,,,,,,,,,,,,,,,,,,,,,,,,,,,,,,,,,,,,,,,,,,,,,,,,,,,,,,,,,,,,,,,,,,,,,,,,,,,,,,,,,,,,,,,,,,,,,,,,,,,,,,,,,,,,,,
Tim Maxwell,1,,https://openalex.org/A5108519631,A5108519631,,Tim Maxwell,Tim Maxwell,11,37,2.0,4,1,,,,,,,,,,,,,,,,,,,,,,,,,,,,,,,,,,,,,,https://openalex.org/I12315562,,https://openalex.org/I12315562,,,,,,,,,,,,,https://openalex.org/I12315562,,,,,,,,,,,,,,,,,,,,,,,,,,,,,,,,,,,,,,,,,,,Texas Tech University,,Texas Tech University,,,,,,,,,,,,,Texas Tech University,,,,,
Timothy Telleen-Lawton,1,,https://openalex.org/A5001194068,A5001194068,,Timothy Telleen-Lawton,Timothy Telleen‐Lawton,10,840,34.0,7,7,,,,,,,,,,,,,,,,,,,,,,,,,,,,,,,,,,,,,,,,,,,,,,,,,,,,,,,,,,,,,,,,,,,,,,,,,,,,,,,,,,,,,,,,,,,,,,,,,,,,,,,,,,,,,,,,,,,,
Tom Henighan,1,,https://openalex.org/A5049786610,A5049786610,,Tom Henighan,"Tom Henighan, T. J. Henighan",39,18245,22.8125,18,20,,,,,,,,,,,,,,,,,,,,,,,,,,,,,,,,,,,,,,,,,,,,,,,,,,,,,,https://openalex.org/I91136226,https://openalex.org/I198415970,,,,,,,,,,,,,,,,,,,,,,,,,,,,,,,,,,,,,,,,,,,,,,,,,,,,,,,,,University of Sheffield,Université d'Avignon et des Pays de Vaucluse,,,
Tomasz Korbak,1,,https://openalex.org/A5002211679,A5002211679,https://orcid.org/0000-0002-6258-2013,Tomasz Korbak,Tomasz Korbak,45,269,5.1,8,7,,,,,,,,,,,,,,,,,,,,,,,,,,,,,,,,,,,,,,,,,,,,,,,,https://openalex.org/I4654613,,,,https://openalex.org/I4654613,https://openalex.org/I99542240,https://openalex.org/I4654613,https://openalex.org/I57206974,,,,,,,,,,,,,,,,,,,,,,,,,,,,,,,,,,,,,,,,,,,,,,,,,,,University of Warsaw,,,,University of Warsaw,Polish Academy of Sciences,University of Warsaw,New York University,,,
Tristan Hume,1,,https://openalex.org/A5079539910,A5079539910,,Tristan Hume,Tristan Hume,5,152,10.8,4,4,,,,,,,,,,,,,,,,,,,,,,,,,,,,,,,,,,,,,,,,,,,,,,,,,,,,,,,,,,,,,,,,,,,,,,,,,,,,,,,,,,,,,,,,,,,,,,,,,,,,,,,,,,,,,,,,,,,,
Wendy G. Mitchell,1,,https://openalex.org/A5036342509,A5036342509,https://orcid.org/0000-0001-8082-1383,Wendy G. Mitchell,"Wes Mitchell, W. G. Mitchell, Wendy Mitchell, Wendy G. Mitchell, W. Mitchell",153,5550,5.222222222222222,45,78,,,,,,,,,,,,,,https://openalex.org/I40347166,,,,,,,,,,,https://openalex.org/I40347166,,,,https://openalex.org/I40347166,,,,,,,,,,,,,,,,,https://openalex.org/I1174212,https://openalex.org/I1174212,https://openalex.org/I1174212,https://openalex.org/I40347166,https://openalex.org/I40347166,,https://openalex.org/I4390039236,https://openalex.org/I40347166,https://openalex.org/I1174212,https://openalex.org/I4210122726,https://openalex.org/I2800154431,https://openalex.org/I1174212,https://openalex.org/I1336910626,,,,,,,,,,,,,,University of Chicago,,,,,,,,,,,University of Chicago,,,,University of Chicago,,,,,,,,,,,,,,,,,University of Southern California,University of Southern California,University of Southern California,University of Chicago,University of Chicago,,Moores Cancer Center,University of Chicago,University of Southern California,Dementia UK,Keck Hospital of USC,University of Southern California,Children's Hospital of Los Angeles
William McEachen,1,,https://openalex.org/A5115560626,A5115560626,,William McEachen,William McEachen,1,3,0.0,1,0,,,,,,,,,,,,,,,,,,,,,,,,,,,,,,,,,,,,,,,,,,,,,,,,,,,,,,,,,,,,,,,,,,,,,,,,,,,,,,,,,,,,,,,,,,,,,,,,,,,,,,,,,,,,,,,,,,,,
Yuntao Bai,2,,https://openalex.org/A5091860006,A5091860006,https://orcid.org/0000-0003-3998-7837,Yuntao Bai,"Yuntao Bai ‐, Yuntao Bai",58,2570,26.210526315789473,23,32,,,,,,,,,,,,,,,,,,,,,,,,,,,,,,,,,,,,,,,,,,,,,,https://openalex.org/I191208505,https://openalex.org/I52357470,https://openalex.org/I52357470,https://openalex.org/I191208505,https://openalex.org/I61544103,,https://openalex.org/I191208505,https://openalex.org/I191208505,https://openalex.org/I191208505,https://openalex.org/I191208505,https://openalex.org/I191208505,https://openalex.org/I191208505,,,,,,,,,,,,,,,,,,,,,,,,,,,,,,,,,,,,,,,,,,,,,,,Xiamen University,The Ohio State University,The Ohio State University,Xiamen University,London Business School,,Xiamen University,Xiamen University,Xiamen University,Xiamen University,Xiamen University,Xiamen University,
Zac Hatfield-Dodds,3,,https://openalex.org/A5070402589,A5070402589,https://orcid.org/0000-0002-8646-8362,Zac Hatfield-Dodds,Zac Hatfield‐Dodds,40,3800,81.0,15,18,,,,,,,,,,,,,,,,,,,,,,,,,,,,,,,,,,,,,,,,,,,,,,,,,,,,https://openalex.org/I118347636,https://openalex.org/I118347636,https://openalex.org/I118347636,https://openalex.org/I118347636,,https://openalex.org/I118347636,,,,,,,,,,,,,,,,,,,,,,,,,,,,,,,,,,,,,,,,,,,,,,,,,,,,,Australian National University,Australian National University,Australian National University,Australian National University,,Australian National University,
Zachary Witten,1,,https://openalex.org/A5093713873,A5093713873,,Zachary Witten,Zachary Witten,1,14,0.0,1,1,,,,,,,,,,,,,,,,,,,,,,,,,,,,,,,,,,,,,,,,,,,,,,,,,,,,,,,,,,,,,,,,,,,,,,,,,,,,,,,,,,,,,,,,,,,,,,,,,,,,,,,,,,,,,,,,,,,,
